trial,sigma,gap,method,n_missing,rmse,mae,bias
1,0.05,4,locf,12,0.35390311604809366,0.31657536710018647,-0.05085677394204315
1,0.05,4,nearest,12,0.19223393540029993,0.1538415314943022,-0.06494209944337777
1,0.05,4,linear,12,0.09643071693071552,0.07126217397059972,-0.06494209944337777
2,0.05,4,locf,12,0.3594417233368325,0.3089967619199185,0.1583227288577129
2,0.05,4,nearest,12,0.2362704809468853,0.20781630916145707,0.1285220932652439
2,0.05,4,linear,12,0.13599021025041233,0.1285220932652439,0.1285220932652439
3,0.05,4,locf,12,0.16017811361670092,0.14395718769301072,0.06006696515456897
3,0.05,4,nearest,12,0.21865895047357573,0.20088197831925547,0.08114211350422766
3,0.05,4,linear,12,0.2070352241047219,0.20088197831925547,0.08114211350422766
4,0.05,4,locf,12,0.23791323897326688,0.1591818635374338,0.10926468479769469
4,0.05,4,nearest,12,0.17195080608194532,0.1275340105602454,-0.04040270021125491
4,0.05,4,linear,12,0.08275013402789194,0.07829270467585253,-0.040402700211254895
5,0.05,4,locf,12,0.5604209803084063,0.499746999269322,0.1933154943619245
5,0.05,4,nearest,12,0.3225879269576621,0.2812077597308705,0.06927714045269405
5,0.05,4,linear,12,0.08137663070437082,0.06927714045269405,0.06927714045269405
6,0.05,4,locf,12,0.30404245889712667,0.23562386894123688,-0.07876717754123895
6,0.05,4,nearest,12,0.1797590331887996,0.14014259639927018,0.03355886605680213
6,0.05,4,linear,12,0.11050561281968489,0.10628749545146259,0.033558866056802146
7,0.05,4,locf,12,0.234571566076495,0.19362673482925233,0.19362673482925233
7,0.05,4,nearest,12,0.17768172448223019,0.13467421216132108,-0.024234023585435038
7,0.05,4,linear,12,0.09289566127156615,0.07269358066744545,-0.024234023585435017
8,0.05,4,locf,12,0.21384052579047172,0.14303373447747547,-0.06003836797718026
8,0.05,4,nearest,12,0.2186493200202285,0.14602734428795805,0.007962502899516352
8,0.05,4,linear,12,0.13049975866536193,0.11456619508429434,0.007962502899516341
9,0.05,4,locf,12,0.1198799050571376,0.09842429902635626,-0.02839965642000138
9,0.05,4,nearest,12,0.20081200345141326,0.17102405930892653,-0.16467553547490854
9,0.05,4,linear,12,0.1805762816617018,0.16467553547490854,-0.16467553547490854
10,0.05,4,locf,12,0.18767406148320345,0.16379030363059785,0.032395229383166475
10,0.05,4,nearest,12,0.13986813796148623,0.11546007537607984,0.028132564030662378
10,0.05,4,linear,12,0.06904681989810246,0.06566884119436278,0.02813256403066237
11,0.05,4,locf,12,0.31918133860262227,0.2077822416404683,-0.120890291421664
11,0.05,4,nearest,12,0.1671144114015972,0.13301370534081378,0.010796286318860218
11,0.05,4,linear,12,0.05886551781983471,0.05081410449914466,0.010796286318860204
12,0.05,4,locf,12,0.3069805237874395,0.25993011341928113,-0.0553355992378445
12,0.05,4,nearest,12,0.17185261965276855,0.13383896321024646,-0.07370814834052702
12,0.05,4,linear,12,0.0950838182655068,0.08255771605731337,-0.07370814834052702
13,0.05,4,locf,12,0.2795012726302274,0.21836003261220985,-0.212547492571853
13,0.05,4,nearest,12,0.18020682149563505,0.134222516196568,-0.022785897987441277
13,0.05,4,linear,12,0.08255102607246699,0.07461918280326395,-0.022785897987441295
14,0.05,4,locf,12,0.18267685333766379,0.1503840209351449,0.0001660749840456018
14,0.05,4,nearest,12,0.1545560969641398,0.12966989459959735,-0.09293161947479577
14,0.05,4,linear,12,0.09994736176837098,0.09293161947479574,-0.09293161947479574
15,0.05,4,locf,12,0.5155841353606981,0.42827570348799887,0.028829389023733235
15,0.05,4,nearest,12,0.2935107887100022,0.24055409908939876,0.10899214183099228
15,0.05,4,linear,12,0.12101463922088217,0.10899214183099226,0.10899214183099226
16,0.05,4,locf,12,0.5374808866617267,0.4744996867110862,-0.19514796836310336
16,0.05,4,nearest,12,0.3240344953800124,0.29706550006517746,0.00531381721537721
16,0.05,4,linear,12,0.06302083949044696,0.05032591020242477,0.005313817215377226
17,0.05,4,locf,12,0.4088054632197969,0.3402183902054651,-0.00860551724190762
17,0.05,4,nearest,12,0.25868970400198416,0.2183671249702375,0.09525811096100256
17,0.05,4,linear,12,0.12428625403622955,0.10033713087670698,0.09525811096100256
18,0.05,4,locf,12,0.35130762041114344,0.2705525650879207,0.04538446154729305
18,0.05,4,nearest,12,0.19378058604680548,0.15874708563688417,-0.0009198658597296452
18,0.05,4,linear,12,0.031929174701747595,0.024657746317947874,-0.0009198658597296266
19,0.05,4,locf,12,0.18350490212464554,0.15094253702898375,0.01662266171015357
19,0.05,4,nearest,12,0.1247439574762393,0.09554312153208777,-0.030645972429965324
19,0.05,4,linear,12,0.03681018359761447,0.031324414677152246,-0.03064597242996533
20,0.05,4,locf,12,0.20635348350691432,0.17880430305892256,0.17668757447489816
20,0.05,4,nearest,12,0.19931884550015383,0.15803103788657724,0.030741896670213816
20,0.05,4,linear,12,0.15161597789535217,0.13972159714569676,0.030741896670213806
21,0.05,4,locf,12,0.4902211636215721,0.39339268405465805,-0.06610784301995286
21,0.05,4,nearest,12,0.2687251318452969,0.21423003584035175,-0.005884483169946965
21,0.05,4,linear,12,0.10010027644076176,0.08828616665742328,-0.0058844831699469595
22,0.05,4,locf,12,0.16443098106290796,0.14205201446005264,0.050503457034797604
22,0.05,4,nearest,12,0.17694426491573273,0.13973130733651784,-0.07407409366367979
22,0.05,4,linear,12,0.15092404062564665,0.13721234392652687,-0.0740740936636798
23,0.05,4,locf,12,0.4662082069952299,0.4106435585394867,-0.04848405261215231
23,0.05,4,nearest,12,0.26290095668656066,0.22508413334347166,-0.046443677322809886
23,0.05,4,linear,12,0.05214399775742653,0.04644367732280987,-0.04644367732280987
24,0.05,4,locf,12,0.4250324925782549,0.33555544783504665,-0.03724793764928489
24,0.05,4,nearest,12,0.2282699800047359,0.17861353706041508,0.04921161555437869
24,0.05,4,linear,12,0.11169691222020517,0.10567789796511894,0.049211615554378675
25,0.05,4,locf,12,0.18050122371245847,0.12402326327472135,0.09288040230861405
25,0.05,4,nearest,12,0.1887744709211082,0.1399308798145713,0.024941024658330684
25,0.05,4,linear,12,0.11283132288244442,0.09926505208214463,0.024941024658330688
26,0.05,4,locf,12,0.553928888291174,0.5097808278122749,0.15911803495590304
26,0.05,4,nearest,12,0.2998063871301691,0.2587480290265584,-0.007102848347193834
26,0.05,4,linear,12,0.10503315672488847,0.09351389129086818,-0.007102848347193834
27,0.05,4,locf,12,0.389093103199,0.22496941477214236,-0.22432159593220188
27,0.05,4,nearest,12,0.22377977419549397,0.14831132747593603,0.013584894865661085
27,0.05,4,linear,12,0.02632554408955758,0.02321007942716947,0.01358489486566107
28,0.05,4,locf,12,0.41054975731837223,0.24813589416193946,-0.2382413996733659
28,0.05,4,nearest,12,0.23491065421244178,0.16237563395475685,0.009197838458917093
28,0.05,4,linear,12,0.10067086343585321,0.08530930048984924,0.009197838458917085
29,0.05,4,locf,12,0.32674104092648515,0.26993548717524085,-0.036028540527757565
29,0.05,4,nearest,12,0.19482697832337803,0.14307921270580956,-0.0509784374342114
29,0.05,4,linear,12,0.1234094941617852,0.11963780298937589,-0.050978437434211356
30,0.05,4,locf,12,0.2059719417040119,0.13762473668680042,0.08240229655288346
30,0.05,4,nearest,12,0.13495170048552968,0.10016919004472863,0.03737960223640708
30,0.05,4,linear,12,0.08562144476326028,0.0806240781690765,0.03737960223640708
31,0.05,4,locf,12,0.2699937208441154,0.2043785699951534,0.1717230694688241
31,0.05,4,nearest,12,0.15260807501979456,0.10830265033855284,0.007812539806845773
31,0.05,4,linear,12,0.08687094957498392,0.07366064825393666,0.007812539806845792
32,0.05,4,locf,12,0.09770268870914937,0.08634450285646013,-0.04439486806560659
32,0.05,4,nearest,12,0.09592134758682798,0.07443491633554154,-0.07013424262742661
32,0.05,4,linear,12,0.07446658912123118,0.07013424262742661,-0.07013424262742661
33,0.05,4,locf,12,0.49555167526882976,0.4237567495521953,0.11910804281810172
33,0.05,4,nearest,12,0.24739604537663254,0.2024717576072715,0.04147493758287178
33,0.05,4,linear,12,0.11892460769831079,0.11499702413166846,0.04147493758287179
34,0.05,4,locf,12,0.19308976287541108,0.15045987882176817,0.15045987882176817
34,0.05,4,nearest,12,0.16119428479023812,0.12311267460818581,-0.0725882713908355
34,0.05,4,linear,12,0.08257676131296328,0.07258827139083548,-0.07258827139083548
35,0.05,4,locf,12,0.36630907274951485,0.2607816868223311,0.21187441624804584
35,0.05,4,nearest,12,0.20270213036808557,0.16961788586114215,0.0394865454487941
35,0.05,4,linear,12,0.10733249460240576,0.09352303642886849,0.0394865454487941
36,0.05,4,locf,12,0.3722658353606951,0.31245761968187175,-0.22269486839488342
36,0.05,4,nearest,12,0.24258316331971222,0.20329182158015924,-0.05486771303276531
36,0.05,4,linear,12,0.09383235259253811,0.08587013445571932,-0.054867713032765296
37,0.05,4,locf,12,0.33845668385832167,0.25078338935291783,0.08839999119684767
37,0.05,4,nearest,12,0.21223081722055606,0.17180492041614204,0.047372155206438595
37,0.05,4,linear,12,0.07502362020617027,0.05286528378157621,0.047372155206438595
38,0.05,4,locf,12,0.45997785273792474,0.3621189343900815,0.02806864873753981
38,0.05,4,nearest,12,0.2532233919640218,0.2207815799995524,-0.003453634609275035
38,0.05,4,linear,12,0.08966649051504817,0.07799302555491587,-0.0034536346092750255
39,0.05,4,locf,12,0.4421337662968063,0.31524559706678285,-0.13574371702359625
39,0.05,4,nearest,12,0.2329235659035677,0.16625884494532384,0.021716898298406867
39,0.05,4,linear,12,0.0587373109968727,0.053541387054583535,0.021716898298406853
40,0.05,4,locf,12,0.19581214615573386,0.16649003542322174,-0.03884571342077114
40,0.05,4,nearest,12,0.12954569835172253,0.10712566590983895,0.06334469219580553
40,0.05,4,linear,12,0.07288680787575429,0.06334469219580556,0.06334469219580556
41,0.05,4,locf,12,0.29629530283066796,0.19253321198562054,0.10907928454863554
41,0.05,4,nearest,12,0.20079025578686438,0.1571263505095292,-0.07246865968131545
41,0.05,4,linear,12,0.10264128219974378,0.07246865968131548,-0.07246865968131548
42,0.05,4,locf,12,0.40278654339218606,0.27178097391075334,0.16624273841784545
42,0.05,4,nearest,12,0.25724730691568387,0.20608944724843145,0.11495414472430315
42,0.05,4,linear,12,0.12196449949774703,0.11495414472430314,0.11495414472430314
43,0.05,4,locf,12,0.26660722046075697,0.2334287596013708,0.009411293087977871
43,0.05,4,nearest,12,0.2050736622303711,0.1642278687701399,-0.11149570785960455
43,0.05,4,linear,12,0.12090222290811653,0.11149570785960454,-0.11149570785960454
44,0.05,4,locf,12,0.38920969756522605,0.3295478315401341,-0.16128310331633555
44,0.05,4,nearest,12,0.23444112472782389,0.17607418007672102,0.02040456834713941
44,0.05,4,linear,12,0.13144910002098195,0.12402111750588139,0.020404568347139395
45,0.05,4,locf,12,0.21180035263253016,0.17376068978972503,-0.02550843279081237
45,0.05,4,nearest,12,0.16866927991998457,0.13252784539729212,0.0712324766774305
45,0.05,4,linear,12,0.10148402121711408,0.07649915129262588,0.07123247667743048
46,0.05,4,locf,12,0.3620382235535166,0.26545759538594355,-0.2346654692295831
46,0.05,4,nearest,12,0.2068780733992075,0.17004150691188222,-0.08177929646855037
46,0.05,4,linear,12,0.09961062827798481,0.08876099147549656,-0.08177929646855038
47,0.05,4,locf,12,0.07197586393794633,0.062475032580825006,0.062475032580825006
47,0.05,4,nearest,12,0.07141510836691113,0.06052754181881435,0.04694058234980142
47,0.05,4,linear,12,0.06975326843744505,0.0551281658712407,0.046940582349801425
48,0.05,4,locf,12,0.36018250220413944,0.28980281364178484,-0.07753340508884794
48,0.05,4,nearest,12,0.20030894344962186,0.16207328352219838,0.022946041794333738
48,0.05,4,linear,12,0.08635217572418076,0.07926434397821804,0.022946041794333728
1,0.05,8,locf,24,0.41047166111718747,0.3557217772999726,0.01105544555624261
1,0.05,8,nearest,24,0.3099532539349246,0.2627203404370724,-0.05504146172293739
1,0.05,8,linear,24,0.30243590441479395,0.2627203404370724,-0.05504146172293738
2,0.05,8,locf,24,0.6166663772953402,0.4867396588138951,0.052148370574297255
2,0.05,8,nearest,24,0.3321096877620606,0.2596412640242839,0.16728545820185944
2,0.05,8,linear,24,0.19649682248249006,0.17521413626614613,0.16728545820185944
3,0.05,8,locf,24,0.288347598898712,0.23120834934544496,0.02299570584853498
3,0.05,8,nearest,24,0.38392487256161706,0.305940793254065,0.10699812853743289
3,0.05,8,linear,24,0.3340530928077647,0.30370242696247546,0.10699812853743289
4,0.05,8,locf,24,0.5362482617580563,0.32544737833858167,0.21087774369836862
4,0.05,8,nearest,24,0.3323864431031345,0.2507301971324179,0.10034071223302883
4,0.05,8,linear,24,0.1836094192383234,0.1393218639660525,0.10034071223302886
5,0.05,8,locf,24,0.9618778392845292,0.8281810204503991,0.1931549451561907
5,0.05,8,nearest,24,0.4856744355969182,0.39622406084076595,0.1424395988386506
5,0.05,8,linear,24,0.18331647538689222,0.14860522403212226,0.14243959883865062
6,0.05,8,locf,24,0.4286928809045619,0.34337145048651685,-0.25056530508878094
6,0.05,8,nearest,24,0.40430942199472664,0.3339440894528954,0.07385288671602765
6,0.05,8,linear,24,0.34950643986618823,0.32787475836287605,0.07385288671602769
7,0.05,8,locf,24,0.47069830906630705,0.3568702839317659,0.33031056120125635
7,0.05,8,nearest,24,0.31618146130785196,0.2556064233518616,0.1112844721880577
7,0.05,8,linear,24,0.22490247813597516,0.20120707107288358,0.11128447218805769
8,0.05,8,locf,24,0.6482986551203048,0.4736047043888516,-0.17037689251488009
8,0.05,8,nearest,24,0.4208533057794888,0.317302735705376,0.010648601564135713
8,0.05,8,linear,24,0.1997648949320978,0.17980009263414576,0.010648601564135704
9,0.05,8,locf,24,0.3265034023171224,0.2255432650671896,0.1621312873440108
9,0.05,8,nearest,24,0.25151406482905375,0.17179261660582998,-0.12847943338900736
9,0.05,8,linear,24,0.18999693318643657,0.14670459239353567,-0.12847943338900739
10,0.05,8,locf,24,0.4667513423460068,0.3450250776834978,-0.017273555788892347
10,0.05,8,nearest,24,0.2929863510237978,0.23164623920443642,0.06313958925043744
10,0.05,8,linear,24,0.1461576513188961,0.1288897448534283,0.06313958925043746
11,0.05,8,locf,24,0.5346177814440505,0.39459756204087487,-0.18770647448578767
11,0.05,8,nearest,24,0.3081236910768492,0.2004320860134047,-0.13266773537210194
11,0.05,8,linear,24,0.20209837341075235,0.1697422397555449,-0.13266773537210197
12,0.05,8,locf,24,0.5074905066390762,0.38360451966839815,0.06935662639378062
12,0.05,8,nearest,24,0.27305885225238713,0.23161166457595087,-0.051358773589834816
12,0.05,8,linear,24,0.1960280098054992,0.15827484154363536,-0.051358773589834816
13,0.05,8,locf,24,0.40295114012392075,0.3099886039543279,-0.23847892717773042
13,0.05,8,nearest,24,0.2387519380793091,0.18852130835828032,-0.18090812887700858
13,0.05,8,linear,24,0.21682761094937836,0.18155545881338528,-0.1809081288770086
14,0.05,8,locf,24,0.35302115197392686,0.253134041072619,0.17334017835051016
14,0.05,8,nearest,24,0.24860127088340594,0.20221975109884546,-0.08243076819067986
14,0.05,8,linear,24,0.18144435418066243,0.1340438382204967,-0.08243076819067986
15,0.05,8,locf,24,0.8465486662077777,0.7341015460047062,-0.12381942498131034
15,0.05,8,nearest,24,0.40618839858154726,0.3098466606771349,0.1099852253251684
15,0.05,8,linear,24,0.24662808561879207,0.1813699860417337,0.10998522532516836
16,0.05,8,locf,24,1.027725226148238,0.9006325001342189,-0.32811774632426305
16,0.05,8,nearest,24,0.4873307741133083,0.4048647304930763,-0.04536267669705487
16,0.05,8,linear,24,0.14370359830680135,0.1165685027432642,-0.045362676697054904
17,0.05,8,locf,24,0.655145604453087,0.5772223969672142,-0.17289908649055333
17,0.05,8,nearest,24,0.4090432736068045,0.32902973186100964,0.11270161886686704
17,0.05,8,linear,24,0.3106029095221785,0.28812303646267073,0.11270161886686704
18,0.05,8,locf,24,0.5662567801688433,0.43810117076371774,0.06313394002909646
18,0.05,8,nearest,24,0.3008859318574606,0.22619501831254563,0.06035078845342048
18,0.05,8,linear,24,0.21717147155223895,0.20002085014080948,0.06035078845342048
19,0.05,8,locf,24,0.34933438400599814,0.27378480677197936,0.04143090102976831
19,0.05,8,nearest,24,0.21314053389067011,0.17955236445578274,0.010036711381772596
19,0.05,8,linear,24,0.15293850580083146,0.1325936089158191,0.010036711381772598
20,0.05,8,locf,24,0.4597235759522472,0.3158321695438704,0.2551469334656045
20,0.05,8,nearest,24,0.2904324045502995,0.21794210422505525,0.06143041456704307
20,0.05,8,linear,24,0.17865038144723075,0.15003771949192668,0.06143041456704307
21,0.05,8,locf,24,0.6365233968251545,0.5559861591358596,-0.12339220417778467
21,0.05,8,nearest,24,0.41320851575884343,0.3146821421862563,0.007098802987222319
21,0.05,8,linear,24,0.3169645759404373,0.2878290368337982,0.00709880298722233
22,0.05,8,locf,24,0.3375712960671482,0.24176205786521107,0.16682515638412534
22,0.05,8,nearest,24,0.35665625242640825,0.2871005555408388,-0.07621740394755915
22,0.05,8,linear,24,0.29214871785046953,0.2698416668967973,-0.07621740394755916
23,0.05,8,locf,24,0.7614495743278692,0.6439486221765561,0.004884270911277346
23,0.05,8,nearest,24,0.3480419719491771,0.2520245967311161,-0.05510288010607595
23,0.05,8,linear,24,0.189500288757231,0.17074499305490173,-0.05510288010607597
24,0.05,8,locf,24,0.528581458713922,0.44039034181930337,-0.13807175551167658
24,0.05,8,nearest,24,0.35101857914974494,0.28259251720455775,0.03764932100671851
24,0.05,8,linear,24,0.3091334343639004,0.2820115914807157,0.03764932100671849
25,0.05,8,locf,24,0.5228947509528519,0.33918835788494156,0.13372991484534483
25,0.05,8,nearest,24,0.31910731491723043,0.23679843623223537,-0.015202955782188055
25,0.05,8,linear,24,0.1496357770048685,0.12486980560910689,-0.01520295578218805
26,0.05,8,locf,24,0.779167020221992,0.6860999349033613,0.2637010584166355
26,0.05,8,nearest,24,0.4492185471544309,0.3877334905995009,0.08616090543032401
26,0.05,8,linear,24,0.3684291384861532,0.3330068687285566,0.08616090543032401
27,0.05,8,locf,24,0.7137138184598365,0.45790104725868047,-0.3805630109872357
27,0.05,8,nearest,24,0.39328711144086304,0.2943285341384758,-0.054552718505988584
27,0.05,8,linear,24,0.17373779035938208,0.15750503969279953,-0.054552718505988584
28,0.05,8,locf,24,0.6381579398413972,0.4417170422465402,-0.4124988809382762
28,0.05,8,nearest,24,0.38698085944771393,0.26637976162149246,-0.08876788406016194
28,0.05,8,linear,24,0.2753268375721053,0.2460737641195332,-0.08876788406016191
29,0.05,8,locf,24,0.4926890572243592,0.4070989944135301,0.053611339907846674
29,0.05,8,nearest,24,0.3147259826699479,0.24082543843778215,-0.10927265480269142
29,0.05,8,linear,24,0.23590009528132244,0.20275125186701928,-0.10927265480269142
30,0.05,8,locf,24,0.3409780140926667,0.26110007302498456,0.06508489300202036
30,0.05,8,nearest,24,0.36987992304297135,0.2594558052862154,0.05844736465117082
30,0.05,8,linear,24,0.2613234227921208,0.2426111596712195,0.05844736465117084
31,0.05,8,locf,24,0.542340144809576,0.39227246331939253,0.36090669833326666
31,0.05,8,nearest,24,0.3064584448019612,0.21866722007466402,-0.030616400342675282
31,0.05,8,linear,24,0.15604884583320022,0.13725293072750774,-0.030616400342675282
32,0.05,8,locf,24,0.2761939071683904,0.18999429176231183,0.07721279522610437
32,0.05,8,nearest,24,0.3565934345460359,0.25207239832870326,-0.18542222885432103
32,0.05,8,linear,24,0.2580616204278337,0.2072652062117993,-0.18542222885432103
33,0.05,8,locf,24,0.6720421226137151,0.5608026657898165,0.11266098727743558
33,0.05,8,nearest,24,0.44227479617765064,0.36509301520615206,0.10216444082538913
33,0.05,8,linear,24,0.3816795722616189,0.3617793489528238,0.10216444082538917
34,0.05,8,locf,24,0.4578201245190565,0.3593250173392229,0.3593250173392229
34,0.05,8,nearest,24,0.2190424907685049,0.1554181993772247,0.027505945610568027
34,0.05,8,linear,24,0.12398346295649583,0.10247836231026225,0.027505945610568048
35,0.05,8,locf,24,0.5859031276679231,0.3860787187348514,0.28783239081599893
35,0.05,8,nearest,24,0.3147509479416443,0.2258800692271862,0.13594132256193808
35,0.05,8,linear,24,0.21571550371678708,0.1866719289080957,0.13594132256193805
36,0.05,8,locf,24,0.688943416058867,0.5682487364736631,-0.23415755016203396
36,0.05,8,nearest,24,0.40153946686667624,0.3302248035547665,-0.17302730439190372
36,0.05,8,linear,24,0.21215167407014504,0.17396260047988066,-0.17302730439190372
37,0.05,8,locf,24,0.5847404107842973,0.4588499644731434,0.06259778646563287
37,0.05,8,nearest,24,0.37238854253838843,0.286686545963783,0.06859973729299669
37,0.05,8,linear,24,0.26722170713400273,0.24975932973552792,0.06859973729299666
38,0.05,8,locf,24,0.6768883372561965,0.5478028974221781,0.04097979162270728
38,0.05,8,nearest,24,0.3375463894407646,0.23552075703417988,0.01642871932878806
38,0.05,8,linear,24,0.2587362310779482,0.21782946185147697,0.016428719328788043
39,0.05,8,locf,24,0.6980718650423896,0.48352397835073635,-0.23328830029021397
39,0.05,8,nearest,24,0.35981755878731303,0.24524797785665176,-0.11161088170836526
39,0.05,8,linear,24,0.19358390407127185,0.15462817515041294,-0.11161088170836524
40,0.05,8,locf,24,0.28859965358803785,0.2573661952386419,-0.10075509893312158
40,0.05,8,nearest,24,0.1864492457856515,0.158518403873511,-0.08336002574238566
40,0.05,8,linear,24,0.14518960486396212,0.10481866148575947,-0.08336002574238564
41,0.05,8,locf,24,0.5455924952892817,0.3891035386478186,0.2875244746901247
41,0.05,8,nearest,24,0.3573320914748876,0.24558018982903398,-0.010350569921932784
41,0.05,8,linear,24,0.2585996073773208,0.21300241802235098,-0.010350569921932779
42,0.05,8,locf,24,0.6949036933489724,0.5544527273500285,0.046171628099671576
42,0.05,8,nearest,24,0.44027120713712564,0.3216233358290339,0.2418925611130928
42,0.05,8,linear,24,0.2599091727938031,0.24189256111309285,0.24189256111309285
43,0.05,8,locf,24,0.4915913915457005,0.40685803739668347,0.21286433233259253
43,0.05,8,nearest,24,0.2815879976748217,0.23431099858876156,-0.11289097224408717
43,0.05,8,linear,24,0.18847279031379646,0.15393310147400482,-0.11289097224408717
44,0.05,8,locf,24,0.5841663398045465,0.48124784342861116,-0.35098853153545645
44,0.05,8,nearest,24,0.38864176911466,0.32219133344177225,0.04534355306223479
44,0.05,8,linear,24,0.30010602668754754,0.2601438069869768,0.045343553062234844
45,0.05,8,locf,24,0.5376381984928399,0.4221346771241936,-0.22501968736064218
45,0.05,8,nearest,24,0.33167942899969266,0.23533510275553082,0.12305136671895654
45,0.05,8,linear,24,0.17173580550263592,0.13237897386753386,0.12305136671895651
46,0.05,8,locf,24,0.5509771009363319,0.41372584683440095,-0.21402374303468527
46,0.05,8,nearest,24,0.34457854128266335,0.251868023480839,-0.21969019903897544
46,0.05,8,linear,24,0.2665924605311667,0.22323294429676052,-0.21969019903897546
47,0.05,8,locf,24,0.13529149351718361,0.09603665094987922,-0.011518916791554853
47,0.05,8,nearest,24,0.19975509971133856,0.1325885623842468,0.1211669892217968
47,0.05,8,linear,24,0.15884335989281895,0.12568641730007854,0.12116698922179679
48,0.05,8,locf,24,0.5224352499736525,0.44569915052246545,-0.20046147804832573
48,0.05,8,nearest,24,0.38188449071546965,0.2873707222822442,0.07613961438585766
48,0.05,8,linear,24,0.2268307590273376,0.19453835446972348,0.07613961438585766
1,0.05,16,locf,48,0.548040825395258,0.4620888878115839,-0.06547518746630539
1,0.05,16,nearest,48,0.6585621890003618,0.5048517510518614,0.2744140388790637
1,0.05,16,linear,48,0.5645886977603156,0.4553371133255227,0.2744140388790637
2,0.05,16,locf,48,0.9487624161943533,0.7435989139477407,-0.0974238314066974
2,0.05,16,nearest,48,0.5292839413029503,0.3759852805979455,-0.09127371926707673
2,0.05,16,linear,48,0.2730346763057149,0.21663941834610098,-0.09127371926707674
3,0.05,16,locf,48,0.7885003847501811,0.6355941245464648,-0.11966498894899547
3,0.05,16,nearest,48,0.2908160742542628,0.20730765522817465,0.05133014994759036
3,0.05,16,linear,48,0.2752190563742876,0.22930334998510518,0.05133014994759038
4,0.05,16,locf,48,0.9880223637069663,0.7674013885318655,0.03475154018683483
4,0.05,16,nearest,48,0.4500647261615707,0.280662978492189,0.20656465268662058
4,0.05,16,linear,48,0.36341602788035715,0.290452433024058,0.20656465268662058
5,0.05,16,locf,48,1.2997238034938638,1.149997394633713,0.11545188213671224
5,0.05,16,nearest,48,0.7467471647115893,0.5835054479411494,0.04415260057182829
5,0.05,16,linear,48,0.5881855912446725,0.4564130084586524,0.04415260057182822
6,0.05,16,locf,48,0.858352113769852,0.6680101187855104,-0.4811983201463154
6,0.05,16,nearest,48,0.4380939128721859,0.32211849721343194,-0.18693670118861358
6,0.05,16,linear,48,0.45782815411856204,0.3646998041369813,-0.18693670118861358
7,0.05,16,locf,48,0.894446993336878,0.7214693137752292,0.32612846302414306
7,0.05,16,nearest,48,0.4735084744285065,0.36204714774108915,0.1330704780544907
7,0.05,16,linear,48,0.34449622447649714,0.28605629243627145,0.13307047805449077
8,0.05,16,locf,48,1.085773095646453,0.8847674514559593,-0.27639298729780987
8,0.05,16,nearest,48,0.6268002096735185,0.5118070484762929,-0.1993429133272381
8,0.05,16,linear,48,0.6236946366695584,0.5211329378216525,-0.19934291332723808
9,0.05,16,locf,48,0.5384159677784822,0.40732291410259,0.30601088743135274
9,0.05,16,nearest,48,0.43294678091614835,0.2875650390272311,0.1840952942252455
9,0.05,16,linear,48,0.4219669299624475,0.2961526145733408,0.18409529422524554
10,0.05,16,locf,48,0.7529713092967739,0.5638030172372986,-0.11590832846229038
10,0.05,16,nearest,48,0.5666744321901758,0.4781080683322048,-0.06260101515613721
10,0.05,16,linear,48,0.5455950061010284,0.4419740604155571,-0.0626010151561372
11,0.05,16,locf,48,0.6450771273778441,0.4988608412905428,-0.030153975072122075
11,0.05,16,nearest,48,0.45604563276880833,0.3382783990344862,-0.10631499939698807
11,0.05,16,linear,48,0.4648000826034657,0.34087716391878947,-0.10631499939698809
12,0.05,16,locf,48,0.6457682064590543,0.5011822817228827,0.05086157993203391
12,0.05,16,nearest,48,0.47222631211610244,0.34232568650521217,0.16273680042924143
12,0.05,16,linear,48,0.4686406076304224,0.3333511265168394,0.16273680042924143
13,0.05,16,locf,48,0.4227577612434256,0.33660659643882473,-0.1332656969626642
13,0.05,16,nearest,48,0.6809650758111412,0.48247708050945365,-0.1199225548601351
13,0.05,16,linear,48,0.6202916638714222,0.4906803242916413,-0.11992255486013514
14,0.05,16,locf,48,0.49013868197089194,0.37664058096449815,0.27885094804691896
14,0.05,16,nearest,48,0.44604286937842974,0.2942741615921069,0.2044339149358152
14,0.05,16,linear,48,0.4456775067620425,0.31568144538799275,0.2044339149358152
15,0.05,16,locf,48,1.0692960243339813,0.9524086725794522,-0.36871565672386203
15,0.05,16,nearest,48,0.6452260317935034,0.4800306645781567,0.0360448281541243
15,0.05,16,linear,48,0.43767984970496776,0.3388755090488396,0.036044828154124284
16,0.05,16,locf,48,1.388368101490285,1.2623179125269177,-0.5536433091988434
16,0.05,16,nearest,48,0.8233684644556925,0.6917316035484958,-0.019633818484767623
16,0.05,16,linear,48,0.6604283246597199,0.5280191328282733,-0.019633818484767637
17,0.05,16,locf,48,0.8155919361452542,0.6407647743088313,-0.3666047201185761
17,0.05,16,nearest,48,0.5739659559346961,0.46290542165193044,-0.19672248122709926
17,0.05,16,linear,48,0.5745937676333702,0.47643565058368825,-0.19672248122709926
18,0.05,16,locf,48,0.7042583123615229,0.5589686419590664,-0.07217091558732466
18,0.05,16,nearest,48,0.6577673523215889,0.5210657308080311,0.09175480682684706
18,0.05,16,linear,48,0.6313604206677751,0.5213506946329168,0.09175480682684704
19,0.05,16,locf,48,0.6886122682124031,0.5257897279379463,-0.009772327153696777
19,0.05,16,nearest,48,0.6593277677944168,0.4856024777926198,0.08101436607394454
19,0.05,16,linear,48,0.5856631043935825,0.47347722743577386,0.08101436607394454
20,0.05,16,locf,48,0.7835433281704305,0.611053055563754,0.3831466681547567
20,0.05,16,nearest,48,0.40989146818103367,0.27980389750094764,0.07786780283709759
20,0.05,16,linear,48,0.3368547825708216,0.25559129030389016,0.07786780283709759
21,0.05,16,locf,48,0.9241219215469672,0.8226637258053492,-0.2422968787062806
21,0.05,16,nearest,48,0.5254707781644261,0.43548516747988114,-0.12273044715753034
21,0.05,16,linear,48,0.3075967893964351,0.2445359711610656,-0.12273044715753034
22,0.05,16,locf,48,0.8199151718282459,0.6492489383459744,0.39116476020861435
22,0.05,16,nearest,48,0.278302353190674,0.18585169544413735,0.0612572500166463
22,0.05,16,linear,48,0.2835957877400591,0.2524620482786442,0.06125725001664628
23,0.05,16,locf,48,0.9265282766451531,0.8142749746107647,-0.016859712671765077
23,0.05,16,nearest,48,0.6439596059460748,0.5443783473030074,0.22484617167036802
23,0.05,16,linear,48,0.4597094467532504,0.32610661094369725,0.22484617167036805
24,0.05,16,locf,48,0.47468251491461344,0.3976534439849626,-0.16576144510307514
24,0.05,16,nearest,48,0.4840732706606728,0.3992440324904953,-0.24711918500185112
24,0.05,16,linear,48,0.4508442865559227,0.355151255157008,-0.24711918500185115
25,0.05,16,locf,48,0.9414104832845528,0.7263372162055589,0.2654906439838515
25,0.05,16,nearest,48,0.41133479465782485,0.2742749837604242,0.10348689507724297
25,0.05,16,linear,48,0.3572024626846405,0.2584105082015556,0.10348689507724303
26,0.05,16,locf,48,0.8488250281642155,0.7001103703003385,0.2548726909728654
26,0.05,16,nearest,48,0.6104689658978959,0.46990585632272036,0.1836156638573636
26,0.05,16,linear,48,0.5590182792086179,0.46422557941520853,0.1836156638573636
27,0.05,16,locf,48,1.0991245128955343,0.8773318340935597,-0.5861540490033482
27,0.05,16,nearest,48,0.5877604367381613,0.3936879432417406,-0.06805632387484661
27,0.05,16,linear,48,0.47506554425352665,0.380099828106821,-0.06805632387484661
28,0.05,16,locf,48,0.8636728310089109,0.7193467064216139,-0.49755537883111806
28,0.05,16,nearest,48,0.48789359673466826,0.33047671492903435,-0.22136005296792763
28,0.05,16,linear,48,0.42559690269034356,0.33633618402943827,-0.2213600529679276
29,0.05,16,locf,48,0.7569884379591414,0.5829868846112329,0.31826594836298666
29,0.05,16,nearest,48,0.3958680286096059,0.3132912655311398,-0.04564029703490372
29,0.05,16,linear,48,0.24114012190958117,0.1861554654108536,-0.04564029703490372
30,0.05,16,locf,48,0.91274019135844,0.7191314693309856,0.1689557581505484
30,0.05,16,nearest,48,0.4160088133476664,0.3167016805495359,-0.14740506597630462
30,0.05,16,linear,48,0.30896731862652543,0.24028994892061595,-0.14740506597630457
31,0.05,16,locf,48,0.9020487740082466,0.6720012260716621,0.6036506044581105
31,0.05,16,nearest,48,0.6116762244734087,0.46862417621487346,0.18649246948953158
31,0.05,16,linear,48,0.36769734762589246,0.30059333350348355,0.1864924694895316
32,0.05,16,locf,48,0.864410053828677,0.6517887294811505,0.3749635178537774
32,0.05,16,nearest,48,0.31889702043620227,0.2264339697242309,0.04136146110238501
32,0.05,16,linear,48,0.3142421396248703,0.2494458941583105,0.041361461102385005
33,0.05,16,locf,48,0.7659497995467511,0.6496233093297586,0.007322994030261018
33,0.05,16,nearest,48,0.53006389729978,0.3976025745796015,0.05340500380510632
33,0.05,16,linear,48,0.5081444505925607,0.41682123925478143,0.0534050038051063
34,0.05,16,locf,48,0.6238470817130533,0.4647488537944892,0.4027681919688196
34,0.05,16,nearest,48,0.5386967324340287,0.38813334778904346,0.2759009684303683
34,0.05,16,linear,48,0.46367067028460357,0.3295809746079948,0.2759009684303683
35,0.05,16,locf,48,0.7824730458125673,0.5650230565602562,0.2737328066361046
35,0.05,16,nearest,48,0.4524515434375135,0.3020977667511175,0.06840797833203942
35,0.05,16,linear,48,0.23695759939699804,0.175971618421227,0.06840797833203939
36,0.05,16,locf,48,1.081401768911828,0.8803263761050478,-0.14349444635929268
36,0.05,16,nearest,48,0.5400206495683095,0.4330229068543476,0.031819763536499034
36,0.05,16,linear,48,0.3602738121173596,0.2746641404158989,0.03181976353649901
37,0.05,16,locf,48,0.999997656762214,0.8321816419288677,0.10635528392729121
37,0.05,16,nearest,48,0.5773732708956457,0.4467998398566027,-0.175375620455823
37,0.05,16,linear,48,0.4279412698650501,0.3430942343173476,-0.17537562045582297
38,0.05,16,locf,48,0.7445734978119924,0.5872061141829402,-0.09623937319718771
38,0.05,16,nearest,48,0.5976181628775445,0.4868822945765736,0.17571759260268838
38,0.05,16,linear,48,0.4605640798863526,0.32018849785324566,0.17571759260268838
39,0.05,16,locf,48,0.999772996730897,0.8008516665482021,-0.009962457282090867
39,0.05,16,nearest,48,0.5965921829316592,0.40046177677416644,-0.2664175667687334
39,0.05,16,linear,48,0.44652415478804897,0.315182244869274,-0.26641756676873346
40,0.05,16,locf,48,0.6449978341507565,0.4735152890068744,0.19382463308147813
40,0.05,16,nearest,48,0.6480329195199682,0.4920066781230707,-0.28403432461621586
40,0.05,16,linear,48,0.4802820785175309,0.35640418483182995,-0.28403432461621586
41,0.05,16,locf,48,0.9362810529579597,0.7044772598531631,0.40528610351226674
41,0.05,16,nearest,48,0.5601424712265598,0.4017067906249198,0.1821609135883343
41,0.05,16,linear,48,0.5436206915882239,0.4062884924070036,0.18216091358833433
42,0.05,16,locf,48,1.0742770864404707,0.9288209990497029,-0.23467414522832328
42,0.05,16,nearest,48,0.5150877188388493,0.3723681683535278,-0.029362368745517477
42,0.05,16,linear,48,0.3541864921191814,0.27688155176063706,-0.029362368745517436
43,0.05,16,locf,48,0.6780194368122145,0.536607718752085,0.3378195291326395
43,0.05,16,nearest,48,0.5571758147897249,0.41339133738546324,0.25243512695331494
43,0.05,16,linear,48,0.4865304326121401,0.3405235717381119,0.25243512695331494
44,0.05,16,locf,48,0.8353172401834689,0.7256204432463224,-0.6604907872997451
44,0.05,16,nearest,48,0.5400959297085485,0.4383761423218186,-0.1712412586635894
44,0.05,16,linear,48,0.4998174608577556,0.38936401896024203,-0.17124125866358939
45,0.05,16,locf,48,0.9615022244396222,0.7592827397082714,-0.3744421488474699
45,0.05,16,nearest,48,0.6774190096032088,0.5401031561858616,-0.4371970698239204
45,0.05,16,linear,48,0.5719777342291108,0.4608054133948194,-0.4371970698239204
46,0.05,16,locf,48,0.6998725121395944,0.5860072720914654,-0.04741218425433385
46,0.05,16,nearest,48,0.6037699092373096,0.4304032058120993,0.04820395663941296
46,0.05,16,linear,48,0.5198976996091029,0.41900323298057285,0.04820395663941298
47,0.05,16,locf,48,0.6137539875044379,0.40160933081866373,-0.09851572325850892
47,0.05,16,nearest,48,0.49986064411526554,0.3289134339541012,-0.19910024753262942
47,0.05,16,linear,48,0.38176166490784413,0.3066241215845771,-0.19910024753262937
48,0.05,16,locf,48,1.0873199610767348,0.9059844091257118,-0.41787836777578163
48,0.05,16,nearest,48,0.6487126507659573,0.528356770807688,-0.11783000797932158
48,0.05,16,linear,48,0.29137399597635144,0.24442069771244992,-0.11783000797932164
1,0.15,4,locf,12,0.341613847301024,0.30111658972463634,-0.05320756630169138
1,0.15,4,nearest,12,0.21656370217056944,0.17229081470343932,-0.08730663112906696
1,0.15,4,linear,12,0.10720605246924048,0.087306631129067,-0.087306631129067
2,0.15,4,locf,12,0.4728219877878497,0.42239048732622303,0.25166810972707193
2,0.15,4,nearest,12,0.3136030527657773,0.2749901568402489,0.1966764801340467
2,0.15,4,linear,12,0.2117337229045768,0.19667648013404668,0.19667648013404668
3,0.15,4,locf,12,0.2635471917263427,0.2564943502632269,0.10413072946316752
3,0.15,4,nearest,12,0.3943183229695846,0.35245830274038065,0.18672766175048938
3,0.15,4,linear,12,0.3762275015053654,0.35245830274038065,0.18672766175048935
4,0.15,4,locf,12,0.2189351408191302,0.13874200036216275,0.07603741475352847
4,0.15,4,nearest,12,0.18313725283209906,0.14373643695674243,-0.07088661190492625
4,0.15,4,linear,12,0.11654168645553212,0.10485689530271058,-0.07088661190492622
5,0.15,4,locf,12,0.6413209236848594,0.5836167151649946,0.15426431939012583
5,0.15,4,nearest,12,0.3655388301663711,0.32375659574177534,0.056199067106988985
5,0.15,4,linear,12,0.10743596128840138,0.08602759158352545,0.056199067106988985
6,0.15,4,locf,12,0.375975068173349,0.2622266982932317,-0.1642327626094143
6,0.15,4,nearest,12,0.2351768785310836,0.17506939624522685,-0.0425049297588505
6,0.15,4,linear,12,0.14403284721708104,0.12246262518846977,-0.042504929758850486
7,0.15,4,locf,12,0.21755686766249177,0.17133114413039116,0.1641929716427937
7,0.15,4,nearest,12,0.21580852393786545,0.15785949738907026,-0.06047790738865966
7,0.15,4,linear,12,0.1148248138931162,0.08737398562259585,-0.060477907388659664
8,0.15,4,locf,12,0.15076542774061236,0.1092989079744409,-0.03420540333469244
8,0.15,4,nearest,12,0.27753807661347574,0.20256594005801032,-0.03075367316943332
8,0.15,4,linear,12,0.22569334789412332,0.19802322427019084,-0.030753673169433327
9,0.15,4,locf,12,0.18905660149764436,0.16518092129607467,-0.1285616577224597
9,0.15,4,nearest,12,0.37630671531385135,0.3048008260766257,-0.3048008260766257
9,0.15,4,linear,12,0.3505467204814265,0.3048008260766256,-0.3048008260766256
10,0.15,4,locf,12,0.2723367296506827,0.25673837637174024,0.09581295144714612
10,0.15,4,nearest,12,0.1740090837415137,0.15541978108189894,0.04499258944766917
10,0.15,4,linear,12,0.09738638506256901,0.07476855677569476,0.04499258944766917
11,0.15,4,locf,12,0.28057258604489627,0.21049228628136804,-0.023379507978393745
11,0.15,4,nearest,12,0.13442397767063632,0.10471832824988953,0.05213526489983963
11,0.15,4,linear,12,0.08551362642451128,0.07786887216440652,0.052135264899839606
12,0.15,4,locf,12,0.3337396934382504,0.3081874657667098,-0.2040413066921811
12,0.15,4,nearest,12,0.21569536353354238,0.18287776648230067,-0.08525761763698066
12,0.15,4,linear,12,0.1406328355119574,0.12022889794987952,-0.08525761763698066
13,0.15,4,locf,12,0.2365234625282443,0.1821545986168678,-0.1756505164979564
13,0.15,4,nearest,12,0.2292751262874558,0.17135494155209408,0.0623887001055942
13,0.15,4,linear,12,0.12481482096824852,0.09738310262651416,0.06238870010559424
14,0.15,4,locf,12,0.2210854909192429,0.1976172265011664,-0.012983921766079154
14,0.15,4,nearest,12,0.20459120590655652,0.15934727161339243,-0.09459410771954728
14,0.15,4,linear,12,0.10962539891724199,0.09642678245046464,-0.09459410771954725
15,0.15,4,locf,12,0.5649425910245301,0.4321604453878584,0.15701670448526214
15,0.15,4,nearest,12,0.33477038275962656,0.2438916535591343,0.19463343198655356
15,0.15,4,linear,12,0.21641773053717353,0.19463343198655356,0.19463343198655356
16,0.15,4,locf,12,0.5262713656582707,0.45372515946385167,-0.2565395658919671
16,0.15,4,nearest,12,0.32128692430835154,0.2829239960665187,0.002306975680270352
16,0.15,4,linear,12,0.07945638831519393,0.06587954300429051,0.0023069756802703567
17,0.15,4,locf,12,0.40872526126150327,0.33667449611878225,0.026104066432835
17,0.15,4,nearest,12,0.31131425370523,0.25732350883015626,0.14039608291776043
17,0.15,4,linear,12,0.18607126808146635,0.1408187990274085,0.14039608291776043
18,0.15,4,locf,12,0.4579413261911364,0.41249036134742134,-0.023718012070452182
18,0.15,4,nearest,12,0.2640904740939402,0.23431405612635606,-0.024309510550661394
18,0.15,4,linear,12,0.11177592355103745,0.09807593484108162,-0.024309510550661384
19,0.15,4,locf,12,0.29263717557358715,0.259391452979758,0.019945198083631793
19,0.15,4,nearest,12,0.20794255210258483,0.17548787691353993,-0.06825526538292635
19,0.15,4,linear,12,0.10141704265952381,0.09335546294323409,-0.06825526538292635
20,0.15,4,locf,12,0.19564456559569923,0.17123675242704442,0.14125422544328362
20,0.15,4,nearest,12,0.3271379290232659,0.2727833504778499,0.01811681282750835
20,0.15,4,linear,12,0.28643144041570984,0.24284305085328386,0.018116812827508346
21,0.15,4,locf,12,0.569799267074663,0.4460414354052471,-0.1118048848335481
21,0.15,4,nearest,12,0.3497596416943431,0.28180947688972785,-0.029207942526804486
21,0.15,4,linear,12,0.12375791685737401,0.0938815484580266,-0.029207942526804465
22,0.15,4,locf,12,0.19947023215488027,0.16877484219037528,-0.018174122331700644
22,0.15,4,nearest,12,0.27434846313798866,0.24146919237213268,-0.18006978087035339
22,0.15,4,linear,12,0.24526869854760286,0.19704090770601893,-0.18006978087035339
23,0.15,4,locf,12,0.4579742652132866,0.3801323957377463,0.015583726768830889
23,0.15,4,nearest,12,0.27663211909400287,0.2276323538112762,-0.023482341667073286
23,0.15,4,linear,12,0.0677976944121606,0.05700671770205754,-0.023482341667073286
24,0.15,4,locf,12,0.4719125489983649,0.38293367733536704,-0.034192330191881025
24,0.15,4,nearest,12,0.2711514138169096,0.21835645088137126,0.07176988097496245
24,0.15,4,linear,12,0.13984185491790987,0.13025075021721896,0.07176988097496247
25,0.15,4,locf,12,0.2341494560891087,0.18142184682301352,0.08206663412522656
25,0.15,4,nearest,12,0.24254743505390997,0.2054153026578199,0.021217785707723324
25,0.15,4,linear,12,0.1369473925722826,0.11588270534599461,0.02121778570772333
26,0.15,4,locf,12,0.5674777321003195,0.5254748663951304,0.16290333749190114
26,0.15,4,nearest,12,0.3283235432119233,0.2880902418802002,-0.016378572084063448
26,0.15,4,linear,12,0.12867278810389515,0.12079361487989763,-0.01637857208406343
27,0.15,4,locf,12,0.4027007112001013,0.2542134327451357,-0.25107831468841274
27,0.15,4,nearest,12,0.2506017492671678,0.20012892245893898,0.035510653035730234
27,0.15,4,linear,12,0.0737698330070006,0.05335817601297042,0.035510653035730234
28,0.15,4,locf,12,0.4678295914162086,0.294110751071708,-0.24501301018093122
28,0.15,4,nearest,12,0.2886196295520343,0.2158248917008053,0.009987473058092175
28,0.15,4,linear,12,0.17416443378111787,0.151976333854248,0.00998747305809219
29,0.15,4,locf,12,0.3192051102727422,0.27551603781979156,-0.009202556876916365
29,0.15,4,nearest,12,0.1842926980615042,0.1440018364879673,-0.042202601628007715
29,0.15,4,linear,12,0.11787166572259927,0.11132295852781016,-0.04220260162800773
30,0.15,4,locf,12,0.17761407847199165,0.11747805376125191,0.09232334190206515
30,0.15,4,nearest,12,0.16562229224604283,0.13096677225801945,0.027307810233659177
30,0.15,4,linear,12,0.11028101890685375,0.09692166196835261,0.02730781023365919
31,0.15,4,locf,12,0.31317047539202,0.263724943371721,0.26122676063465283
31,0.15,4,nearest,12,0.18519180897436052,0.1516555009121969,0.11881437745759053
31,0.15,4,linear,12,0.17458214993844365,0.153540301883718,0.11881437745759053
32,0.15,4,locf,12,0.09015057023261136,0.07215329785927753,-0.008045123913917929
32,0.15,4,nearest,12,0.10852471257180538,0.08579254700999339,-0.060329041011288394
32,0.15,4,linear,12,0.07890871989054064,0.07340966552457202,-0.06032904101128841
33,0.15,4,locf,12,0.5349989232842133,0.4393103069655942,0.16845527285720943
33,0.15,4,nearest,12,0.2662017935532435,0.19516884973953466,0.05959700094290991
33,0.15,4,linear,12,0.17579452195352857,0.16291667837862314,0.0595970009429099
34,0.15,4,locf,12,0.17556663061086578,0.14385053390520533,0.12386843119255991
34,0.15,4,nearest,12,0.2049583965851187,0.14133800752528722,-0.09742294922449975
34,0.15,4,linear,12,0.15050250151457517,0.10789908352536108,-0.09742294922449975
35,0.15,4,locf,12,0.4046450190736986,0.3270573615037659,0.25315536314576265
35,0.15,4,nearest,12,0.21756961024297447,0.17042142407215422,0.07149765974152099
35,0.15,4,linear,12,0.15459558019805772,0.13654912870590033,0.07149765974152099
36,0.15,4,locf,12,0.3973742392285824,0.3182454258853649,-0.2550879829465492
36,0.15,4,nearest,12,0.27635704968661245,0.23549945809043282,-0.043167961117944166
36,0.15,4,linear,12,0.09040566660919143,0.07223526584101521,-0.04316796111794421
37,0.15,4,locf,12,0.40023153384615806,0.286794706919993,0.1546350899518297
37,0.15,4,nearest,12,0.2685604456674868,0.21896424307804163,0.07911457023709921
37,0.15,4,linear,12,0.10578842628243441,0.08266922676888923,0.07911457023709921
38,0.15,4,locf,12,0.44376841585560833,0.3218333825404523,0.12556272434209034
38,0.15,4,nearest,12,0.2752806030782951,0.23046389474120477,0.03371143812572453
38,0.15,4,linear,12,0.1380324615462707,0.1297141231909684,0.03371143812572455
39,0.15,4,locf,12,0.46974963344061177,0.3529483999275098,-0.10474339837466567
39,0.15,4,nearest,12,0.25673890657499104,0.2107174219467575,0.03306738802492223
39,0.15,4,linear,12,0.1420466450650344,0.11536319679417613,0.03306738802492222
40,0.15,4,locf,12,0.21026884402174226,0.19651504726059243,0.00609415530274358
40,0.15,4,nearest,12,0.21460414377717998,0.18408877636491636,0.12830123141466546
40,0.15,4,linear,12,0.18596750892416294,0.1657476958546984,0.12830123141466546
41,0.15,4,locf,12,0.2634676326648638,0.1732908276476733,0.07255419125024476
41,0.15,4,nearest,12,0.23209457410154047,0.17379783909008903,-0.11864075920583877
41,0.15,4,linear,12,0.16397422241400358,0.12031762881732305,-0.11864075920583876
42,0.15,4,locf,12,0.4845725638131686,0.3275790858732371,0.20824310631219692
42,0.15,4,nearest,12,0.32565984841615486,0.2469213852628467,0.1313787668533671
42,0.15,4,linear,12,0.16054788698711825,0.1369403223969915,0.1313787668533671
43,0.15,4,locf,12,0.3533184634374805,0.3155321346050879,-0.031377737293165626
43,0.15,4,nearest,12,0.2962611472512694,0.25832802448444014,-0.13543296039617364
43,0.15,4,linear,12,0.1641422704392348,0.1437521251759746,-0.13543296039617364
44,0.15,4,locf,12,0.40862658092761667,0.3258439839877265,-0.16288022570156885
44,0.15,4,nearest,12,0.2812705776772973,0.2175407901596954,0.002552160324089827
44,0.15,4,linear,12,0.2003217642355248,0.1697632526708002,0.002552160324089836
45,0.15,4,locf,12,0.15620626036187932,0.1252319571233136,-0.03429750567980263
45,0.15,4,nearest,12,0.1801316406396156,0.14428622223012869,0.03320125206191651
45,0.15,4,linear,12,0.1672045859304183,0.14268369099240083,0.03320125206191651
46,0.15,4,locf,12,0.26830554444809646,0.1985758616774416,-0.18666114048273896
46,0.15,4,nearest,12,0.1908937560570992,0.15753874260710027,-0.05455450885824955
46,0.15,4,linear,12,0.1356638080924482,0.11952421021700521,-0.054554508858249556
47,0.15,4,locf,12,0.10736995148590786,0.09344925902665842,-0.00842939010063474
47,0.15,4,nearest,12,0.16217183641907118,0.1486783434801239,0.003445205149148293
47,0.15,4,linear,12,0.13592098609207842,0.12573520430114507,0.003445205149148293
48,0.15,4,locf,12,0.44380915586786596,0.40973801480849903,-0.08430373731266466
48,0.15,4,nearest,12,0.2648393245745422,0.23052304716749727,0.010473374354112988
48,0.15,4,linear,12,0.12211842475955612,0.0967961822180039,0.010473374354112991
1,0.15,8,locf,24,0.3958723219495666,0.3402629999244226,0.00870465319659442
1,0.15,8,nearest,24,0.28615963264155536,0.24358789001526193,-0.05246918847788296
1,0.15,8,linear,24,0.2795624274057753,0.24358789001526196,-0.052469188477882955
2,0.15,8,locf,24,0.701575029219451,0.5823007202330781,0.14549375144365626
2,0.15,8,nearest,24,0.3734130094860828,0.29376077514368665,0.1799553469201748
2,0.15,8,linear,24,0.24879095940253448,0.21486873970342932,0.17995534692017476
3,0.15,8,locf,24,0.27398404126233183,0.24152242885836928,0.06705947015713352
3,0.15,8,nearest,24,0.4573502038755327,0.39122653751338876,0.1697346911751433
3,0.15,8,linear,24,0.42548119974463927,0.3912265375133887,0.1697346911751433
4,0.15,8,locf,24,0.5216456763482251,0.31670938536519494,0.1776504736542024
4,0.15,8,nearest,24,0.3237227187302276,0.23044697064151798,0.09540391720285891
4,0.15,8,linear,24,0.18685455141720075,0.14196775804890158,0.09540391720285894
5,0.15,8,locf,24,1.0483722714665937,0.9120507363460716,0.15410377018439203
5,0.15,8,nearest,24,0.5607051508632734,0.49052120337004274,0.08846692839046692
5,0.15,8,linear,24,0.16552195341938042,0.1275615177727382,0.08846692839046692
6,0.15,8,locf,24,0.5042693563891953,0.39173883695570505,-0.33603089015695625
6,0.15,8,nearest,24,0.4205015379105385,0.336886641259542,0.009809959981640628
6,0.15,8,linear,24,0.36347635606890727,0.32820325927022503,0.009809959981640616
7,0.15,8,locf,24,0.4717360733395863,0.3453216966350043,0.3008767980147977
7,0.15,8,nearest,24,0.2912759761376178,0.23960023363970526,0.11822969970633333
7,0.15,8,linear,24,0.21391212799003592,0.1806746777970881,0.1182296997063333
8,0.15,8,locf,24,0.5693396653738613,0.4103799655076023,-0.14454392787239226
8,0.15,8,nearest,24,0.4555736247565838,0.32526793901364476,-0.02647282450557128
8,0.15,8,linear,24,0.2928716339833894,0.25884906897004983,-0.026472824505571313
9,0.15,8,locf,24,0.2921479593388164,0.21483966964702053,0.06196928604155249
9,0.15,8,nearest,24,0.30725388626435934,0.21697540281750105,-0.19276744386767383
9,0.15,8,linear,24,0.27914246622538325,0.2135844386004062,-0.19276744386767378
10,0.15,8,locf,24,0.5305299267055189,0.43797315042464025,0.046144166275087294
10,0.15,8,nearest,24,0.29469733304900936,0.24461551840651208,0.07639479438970836
10,0.15,8,linear,24,0.1325748994120155,0.10853376735373878,0.07639479438970835
11,0.15,8,locf,24,0.5044730802256661,0.39383900727139753,-0.0901956910425174
11,0.15,8,nearest,24,0.31426136702469937,0.21929296104073792,-0.09577225225242063
11,0.15,8,linear,24,0.1637050874206702,0.1416956653517526,-0.09577225225242064
12,0.15,8,locf,24,0.4818124561769063,0.4186215410453187,-0.079349081060556
12,0.15,8,nearest,24,0.2641629236270293,0.22698095889778924,-0.09999295913515253
12,0.15,8,linear,24,0.21835157896690038,0.17893813453787413,-0.09999295913515253
13,0.15,8,locf,24,0.35415485889316917,0.2690915267453909,-0.20158195110383384
13,0.15,8,nearest,24,0.23221752219761468,0.1884368509795119,-0.1817854435420029
13,0.15,8,linear,24,0.21247603954916428,0.1916790409606769,-0.1817854435420029
14,0.15,8,locf,24,0.37906811138742136,0.27166288210964873,0.16019018160038542
14,0.15,8,nearest,24,0.3088942190564206,0.27464366374977406,-0.0653464246287954
14,0.15,8,linear,24,0.2005921999740687,0.15966149168309268,-0.06534642462879542
15,0.15,8,locf,24,0.8654964131546408,0.728322754820387,0.004367890480218535
15,0.15,8,nearest,24,0.4403468240822281,0.3281740332222967,0.16262236652121487
15,0.15,8,linear,24,0.32511910257953,0.26854532654128443,0.16262236652121487
16,0.15,8,locf,24,1.0140749844109698,0.8764251883140309,-0.38950934385312674
16,0.15,8,nearest,24,0.4984961191123438,0.4119089361852737,-0.09829803285322913
16,0.15,8,linear,24,0.1622156890653986,0.11633080477325257,-0.09829803285322909
17,0.15,8,locf,24,0.6431617256964082,0.5667559668444144,-0.1381895028158107
17,0.15,8,nearest,24,0.45899732721834047,0.36888279253865136,0.13414029664259056
17,0.15,8,linear,24,0.3587583144538791,0.3401036425909603,0.1341402966425906
18,0.15,8,locf,24,0.6690782609727972,0.5809765745844819,-0.0059685335886487945
18,0.15,8,nearest,24,0.3843773123233833,0.3283310086259367,0.006784899844192086
18,0.15,8,linear,24,0.26495877528861095,0.24665107101831718,0.006784899844192074
19,0.15,8,locf,24,0.4545277084899619,0.38223372272275374,0.04475343740324653
19,0.15,8,nearest,24,0.2692943443780007,0.2362711811104258,0.002304919856276802
19,0.15,8,linear,24,0.225377312621073,0.1954560995497301,0.0023049198562768037
20,0.15,8,locf,24,0.4194700587036523,0.3064079244973868,0.21971358443399
20,0.15,8,nearest,24,0.2797774122740862,0.21525102407925237,0.05070813913724507
20,0.15,8,linear,24,0.2036145543930667,0.17975957331011805,0.05070813913724507
21,0.15,8,locf,24,0.7066314571168442,0.6032841503243662,-0.16908924599137987
21,0.15,8,nearest,24,0.4790987447143114,0.3721598142202409,-0.05003136641107808
21,0.15,8,linear,24,0.4041840333271836,0.35109044854803756,-0.05003136641107808
22,0.15,8,locf,24,0.2838959123121754,0.22070754172651705,0.09814757701762712
22,0.15,8,nearest,24,0.3605442275825954,0.2909609989640966,-0.1313597717717205
22,0.15,8,linear,24,0.32130090672322453,0.2915273315035005,-0.1313597717717205
23,0.15,8,locf,24,0.759169255853202,0.6059079373522716,0.0689520502922605
23,0.15,8,nearest,24,0.3363034850984746,0.23753620621652005,0.007711715951418928
23,0.15,8,linear,24,0.20475613478386603,0.1746707146948481,0.0077117159514189125
24,0.15,8,locf,24,0.5721344067745908,0.4788365564611345,-0.13501614805427273
24,0.15,8,nearest,24,0.38515340906788964,0.3120218234283845,0.04631105136678759
24,0.15,8,linear,24,0.3369503561484475,0.3120218234283845,0.04631105136678757
25,0.15,8,locf,24,0.5589761547180924,0.3901804822622599,0.12291614666195737
25,0.15,8,nearest,24,0.3377711077986742,0.27392438321851614,-0.04875349622285413
25,0.15,8,linear,24,0.20183762399420882,0.16997535676842687,-0.04875349622285414
26,0.15,8,locf,24,0.7762352476970192,0.7017939734862167,0.2674863609526336
26,0.15,8,nearest,24,0.45724499532347895,0.3879426402085402,0.11390854123920202
26,0.15,8,linear,24,0.39427739620669944,0.35278557419883705,0.11390854123920204
27,0.15,8,locf,24,0.716579581078636,0.4554936084623618,-0.4073197297434467
27,0.15,8,nearest,24,0.41887900846413983,0.3210291477706499,-0.07703337375108261
27,0.15,8,linear,24,0.18858104420157784,0.15716215203783246,-0.0770333737510826
28,0.15,8,locf,24,0.6779585525634308,0.4651433354554759,-0.41927049144584155
28,0.15,8,nearest,24,0.4327732501155443,0.3166692662726806,-0.11257548627571912
28,0.15,8,linear,24,0.3503908564644408,0.31164731464833323,-0.11257548627571912
29,0.15,8,locf,24,0.4987231495827521,0.41267954505808074,0.08043732355868789
29,0.15,8,nearest,24,0.2818166991237687,0.22313465850031874,-0.05160103673957838
29,0.15,8,linear,24,0.20746746465256405,0.18098633369978256,-0.051601036739578415
30,0.15,8,locf,24,0.32433042118253363,0.250066699806603,0.07500593835120205
30,0.15,8,nearest,24,0.44718169570507543,0.31225555296264734,0.08853969566760404
30,0.15,8,linear,24,0.3169308079018271,0.28902010047033017,0.08853969566760406
31,0.15,8,locf,24,0.5652782851191613,0.45165948086762947,0.4504103894990954
31,0.15,8,nearest,24,0.31605428884555226,0.2560042486226338,0.0064716033805530815
31,0.15,8,linear,24,0.1486502000579336,0.1270998591293918,0.006471603380553068
32,0.15,8,locf,24,0.2931524498288164,0.2005428041892249,0.11356253937779305
32,0.15,8,nearest,24,0.4213736216058545,0.2757608677528715,-0.20757539411983983
32,0.15,8,linear,24,0.2888545402952083,0.2206477695065289,-0.2075753941198398
33,0.15,8,locf,24,0.7169871867352041,0.5837141950422496,0.16200821731654333
33,0.15,8,nearest,24,0.4987658854745753,0.4113423695431475,0.11005581791334436
33,0.15,8,linear,24,0.43127975989805756,0.4097241176249626,0.11005581791334436
34,0.15,8,locf,24,0.4351706411334081,0.34272462106633733,0.3327335697100146
34,0.15,8,nearest,24,0.23067624946333065,0.1689221429344092,0.023089021359107842
34,0.15,8,linear,24,0.1445591462219652,0.11750085383178589,0.02308902135910787
35,0.15,8,locf,24,0.5958475856804362,0.40193034693379187,0.3291133377137158
35,0.15,8,nearest,24,0.386036525809913,0.31580361345167257,0.17068176477994104
35,0.15,8,linear,24,0.32065836217827554,0.2961665418526993,0.17068176477994101
36,0.15,8,locf,24,0.7139191030723261,0.5696023246191276,-0.26655066471369976
36,0.15,8,nearest,24,0.4111202346510906,0.3329527754309359,-0.1604021684160838
36,0.15,8,linear,24,0.1951050221140933,0.16368772159825679,-0.1604021684160838
37,0.15,8,locf,24,0.6335762186069117,0.4871034159827337,0.1288328852206149
37,0.15,8,nearest,24,0.4160898604906941,0.32609130096137273,0.0886747734883785
37,0.15,8,linear,24,0.3407527892687195,0.31496466178661026,0.08867477348837853
38,0.15,8,locf,24,0.6488669444719537,0.5163737320050028,0.13847386722725774
38,0.15,8,nearest,24,0.32633130594320964,0.2088744931710312,0.02610383913020699
38,0.15,8,linear,24,0.260923791729361,0.2158408116559253,0.02610383913020699
39,0.15,8,locf,24,0.7255089493584257,0.5212267812114633,-0.20228798164128337
39,0.15,8,nearest,24,0.3773807956931212,0.28043531873103095,-0.06562402281359882
39,0.15,8,linear,24,0.18587331949849045,0.15376160256820928,-0.06562402281359883
40,0.15,8,locf,24,0.289599211950804,0.26792720739672315,-0.05581523020960689
40,0.15,8,nearest,24,0.2018257702887139,0.17923655456513557,-0.05748347695229878
40,0.15,8,linear,24,0.11738701120670528,0.10421459301859647,-0.05748347695229877
41,0.15,8,locf,24,0.49801208858924634,0.3478897075273408,0.25099938139173394
41,0.15,8,nearest,24,0.3137463325808975,0.21669800097858757,-0.010518785935723954
41,0.15,8,linear,24,0.25821690164114164,0.20791510119390078,-0.010518785935723965
42,0.15,8,locf,24,0.7658775054061163,0.6115291132954358,0.08817199599402308
42,0.15,8,nearest,24,0.5190794482235656,0.40138813628406317,0.273544744967446
42,0.15,8,linear,24,0.29076848215805245,0.2735447449674461,0.2735447449674461
43,0.15,8,locf,24,0.5296574587528033,0.4637952352665608,0.17207530195144902
43,0.15,8,nearest,24,0.3412361426487653,0.2951006046835578,-0.15297443152394963
43,0.15,8,linear,24,0.27131481918029055,0.2396499080903026,-0.1529744315239497
44,0.15,8,locf,24,0.5768496148723177,0.46850285589154916,-0.35258565392068975
44,0.15,8,nearest,24,0.38497682318318704,0.3028310432479355,0.03761686857508878
44,0.15,8,linear,24,0.30887402799977864,0.2742661965230895,0.03761686857508873
45,0.15,8,locf,24,0.46541643254061865,0.3380319355908738,-0.23380876024963246
45,0.15,8,nearest,24,0.3030490963105489,0.2097289096235322,0.10902041779567784
45,0.15,8,linear,24,0.19729992146086409,0.13602959510102317,0.10902041779567789
46,0.15,8,locf,24,0.4485019799250451,0.33550923843796654,-0.16601941428784114
46,0.15,8,nearest,24,0.301817653575323,0.23509912845272418,-0.16723500569020758
46,0.15,8,linear,24,0.22715209731393818,0.18727445194025324,-0.16723500569020766
47,0.15,8,locf,24,0.1644130155595554,0.1290023861746055,-0.0824233394730146
47,0.15,8,nearest,24,0.1855735942754712,0.1363544443322401,0.0854151197685935
47,0.15,8,linear,24,0.1470116148436314,0.12140391904167047,0.0854151197685935
48,0.15,8,locf,24,0.6126651213266935,0.5656343516891794,-0.20723181027214244
48,0.15,8,nearest,24,0.4518819493330622,0.38573014993033145,0.11355495251405494
48,0.15,8,linear,24,0.2206113032898245,0.19552900041629653,0.11355495251405491
1,0.15,16,locf,48,0.5399808581455001,0.4509651127209325,-0.06782597982595358
1,0.15,16,nearest,48,0.6388401140999636,0.48681104225249944,0.28766850233765084
1,0.15,16,linear,48,0.5510207685370706,0.4511235405665312,0.28766850233765084
2,0.15,16,locf,48,1.01660270902905,0.8018122030890442,-0.0040784505373384254
2,0.15,16,nearest,48,0.5976585421677019,0.4633109425021318,-0.09904131766036435
2,0.15,16,linear,48,0.34771751235463516,0.2792890446687956,-0.0990413176603644
3,0.15,16,locf,48,0.7148258824406665,0.5822442167262293,-0.07560122464039687
3,0.15,16,nearest,48,0.32551653434317357,0.25931296207746773,0.05076320648926763
3,0.15,16,linear,48,0.3110393569439826,0.24330378492724225,0.050763206489267625
4,0.15,16,locf,48,0.9867911746839854,0.7671400559745409,0.0015242701426686027
4,0.15,16,nearest,48,0.4323168280889922,0.2685136672447209,0.1565454790442746
4,0.15,16,linear,48,0.3361707525699102,0.27053613676755056,0.1565454790442746
5,0.15,16,locf,48,1.3933106572129725,1.2338671105293857,0.07640070716491365
5,0.15,16,nearest,48,0.8021462094832591,0.6414114773272392,0.0037214356281169924
5,0.15,16,linear,48,0.6625659994419938,0.5253116294193148,0.0037214356281169473
6,0.15,16,locf,48,0.8897273173950992,0.6980806205692803,-0.5666639052144907
6,0.15,16,nearest,48,0.45846268562419507,0.3430343689031052,-0.23043910480809834
6,0.15,16,linear,48,0.4908381922046271,0.3861130124656811,-0.23043910480809834
7,0.15,16,locf,48,0.9170312837542128,0.7276801850581571,0.2966946998376845
7,0.15,16,nearest,48,0.47147522835384215,0.3714680732959362,0.10772227311863558
7,0.15,16,linear,48,0.3656008183624611,0.30007395939833614,0.10772227311863562
8,0.15,16,locf,48,0.9958267245888379,0.8067977563856025,-0.2505600226553221
8,0.15,16,nearest,48,0.6084570059883629,0.49264004728466215,-0.22843152766810562
8,0.15,16,linear,48,0.612910203768745,0.5143558619908236,-0.22843152766810562
9,0.15,16,locf,48,0.47304623800696377,0.3737748434974956,0.20584888612889438
9,0.15,16,nearest,48,0.422918925331328,0.2941327205732643,0.1071335225281429
9,0.15,16,linear,48,0.4181423712180564,0.3071564309555885,0.1071335225281429
10,0.15,16,locf,48,0.8085670553945002,0.6360390334788394,-0.05249060639831074
10,0.15,16,nearest,48,0.5917678259935115,0.5166975806667564,-0.0007413413263848284
10,0.15,16,linear,48,0.5671670420063523,0.4671393976195734,-0.0007413413263847995
11,0.15,16,locf,48,0.6566193300091027,0.4963679868158768,0.06735680837114817
11,0.15,16,nearest,48,0.4549737741012996,0.35999316799679254,-0.11460019071109206
11,0.15,16,linear,48,0.4614455196197691,0.3593792382130012,-0.1146001907110921
12,0.15,16,locf,48,0.6484311746800767,0.51561461780576,-0.0978441275223027
12,0.15,16,nearest,48,0.44556818305361806,0.360663064072571,0.09683819917780866
12,0.15,16,linear,48,0.41496309552642,0.30828711101883405,0.09683819917780867
13,0.15,16,locf,48,0.40336142796773994,0.32196330831762077,-0.09636872088876759
13,0.15,16,nearest,48,0.6413776535922815,0.4423972929477382,-0.12920199805351842
13,0.15,16,linear,48,0.5823305752275635,0.45355613207104994,-0.1292019980535184
14,0.15,16,locf,48,0.5109917002946854,0.399774752093702,0.26570095129679416
14,0.15,16,nearest,48,0.442169264080883,0.3103592788521358,0.16543968444088272
14,0.15,16,linear,48,0.44084494111543726,0.311044725150376,0.16543968444088272
15,0.15,16,locf,48,1.0603653693674486,0.9417981148530439,-0.24052834126233305
15,0.15,16,nearest,48,0.6698754454261197,0.49878280662312263,0.09522644755187641
15,0.15,16,linear,48,0.47948553064053423,0.3751148587167572,0.09522644755187641
16,0.15,16,locf,48,1.3805885652029406,1.236394208420253,-0.6150349067277072
16,0.15,16,nearest,48,0.8089552356225418,0.6769370113918841,-0.08550233983990745
16,0.15,16,linear,48,0.6619649145496105,0.5276445597492844,-0.08550233983990747
17,0.15,16,locf,48,0.7922600840343867,0.625131619325291,-0.3318951364438335
17,0.15,16,nearest,48,0.5965172283292185,0.5060004308290762,-0.21668152095781043
17,0.15,16,linear,48,0.6124030945816711,0.517795635499222,-0.21668152095781043
18,0.15,16,locf,48,0.8220858678475161,0.6862573912799226,-0.1412733892050699
18,0.15,16,nearest,48,0.6758110123054873,0.5653588870728886,0.07019569482678971
18,0.15,16,linear,48,0.6357867150659169,0.5158763621998412,0.07019569482678968
19,0.15,16,locf,48,0.7456170477517636,0.5992239344555654,-0.00644979078021857
19,0.15,16,nearest,48,0.6949512403312433,0.5476911033581998,0.08881154934829132
19,0.15,16,linear,48,0.6255706882011359,0.5027447226897946,0.08881154934829132
20,0.15,16,locf,48,0.7480473468874366,0.6028276035454332,0.34771331912314213
20,0.15,16,nearest,48,0.36461011363167717,0.2518978112774113,0.035629399220038264
20,0.15,16,linear,48,0.2735704766262471,0.22129740236188003,0.03562939922003825
21,0.15,16,locf,48,0.9627320038938487,0.8672863369128146,-0.2879939205198758
21,0.15,16,nearest,48,0.593645337491478,0.4974175089305311,-0.1527807304796807
21,0.15,16,linear,48,0.3499660181375548,0.28333962596509027,-0.15278073047968063
22,0.15,16,locf,48,0.7634891677205322,0.6081013777674246,0.32248718084211614
22,0.15,16,nearest,48,0.24945111077190424,0.19700787772484327,0.015022661789953567
22,0.15,16,linear,48,0.2825852761364804,0.25328208399065266,0.015022661789953554
23,0.15,16,locf,48,0.9236676778554144,0.7724695287752081,0.047208066709218066
23,0.15,16,nearest,48,0.6554558418554641,0.5422760192943912,0.2737980757643856
23,0.15,16,linear,48,0.4928191391654679,0.34642850596515345,0.2737980757643856
24,0.15,16,locf,48,0.5070103977060363,0.4316336511975492,-0.1627058376456713
24,0.15,16,nearest,48,0.5009702206343597,0.42162922221987426,-0.2486146557804126
24,0.15,16,linear,48,0.4502535919524778,0.3608083458687716,-0.2486146557804126
25,0.15,16,locf,48,0.9590592773867154,0.7336427788796053,0.254676875800464
25,0.15,16,nearest,48,0.4187185322820577,0.27667378162311973,0.09462017172050947
25,0.15,16,linear,48,0.35471460231600116,0.27731692321410345,0.09462017172050947
26,0.15,16,locf,48,0.8158250293896036,0.6825314870584637,0.2586579935088636
26,0.15,16,nearest,48,0.628394402895738,0.5095696870659546,0.18077211388209724
26,0.15,16,linear,48,0.5851975556658832,0.4981723477099584,0.18077211388209724
27,0.15,16,locf,48,1.0862118299073675,0.8561282963555369,-0.6129107677595592
27,0.15,16,nearest,48,0.6309457431381974,0.45828228439578456,-0.06351378004236737
27,0.15,16,linear,48,0.5253312264460417,0.4254428238519343,-0.06351378004236731
28,0.15,16,locf,48,0.8776947168686445,0.7304193043348967,-0.5043269893386833
28,0.15,16,nearest,48,0.5092979048969457,0.33754809525903323,-0.20241402548554235
28,0.15,16,linear,48,0.42815710875362806,0.3425901483151456,-0.20241402548554235
29,0.15,16,locf,48,0.7748856122383877,0.5885674352557836,0.34509193201382776
29,0.15,16,nearest,48,0.46823781937224634,0.4043805559421834,-0.08334148790401608
29,0.15,16,linear,48,0.22484119971789626,0.19003468901109152,-0.08334148790401603
30,0.15,16,locf,48,0.9149514097094292,0.7129187332935478,0.1788768034997301
30,0.15,16,nearest,48,0.4078729158947766,0.3106764842425066,-0.13413322667887131
30,0.15,16,linear,48,0.30901776939551145,0.23499944015720442,-0.13413322667887126
31,0.15,16,locf,48,0.9124209657967112,0.7178500867588046,0.6931542956239394
31,0.15,16,nearest,48,0.6521518049979064,0.5421443203087795,0.21229917827733813
31,0.15,16,linear,48,0.40875430462527845,0.34088937715598994,0.2122991782773381
32,0.15,16,locf,48,0.9020919572364234,0.6792256370757297,0.4113132620054661
32,0.15,16,nearest,48,0.29166768519828273,0.20728496249206985,0.034304509793261294
32,0.15,16,linear,48,0.26625348905714274,0.21864211064336778,0.034304509793261294
33,0.15,16,locf,48,0.8172454664914761,0.689173687681571,0.056670224069368745
33,0.15,16,nearest,48,0.5666027148702961,0.4208120035101534,0.061578815993285574
33,0.15,16,linear,48,0.5269835009685552,0.4333000183553442,0.061578815993285546
34,0.15,16,locf,48,0.6209556097450348,0.46203973328171166,0.37617674433961135
34,0.15,16,nearest,48,0.5532672464587475,0.3929263845387834,0.27821019552325404
34,0.15,16,linear,48,0.4506510212798586,0.3169511877879491,0.27821019552325404
35,0.15,16,locf,48,0.7743014202227856,0.5545657413422047,0.3150137535338215
35,0.15,16,nearest,48,0.4666946083096449,0.31596246072214645,0.054990326228303736
35,0.15,16,linear,48,0.2796543808921759,0.22375072362055604,0.05499032622830372
36,0.15,16,locf,48,1.1039208629210946,0.8794628552214979,-0.17588756091095847
36,0.15,16,nearest,48,0.5873960235820194,0.47946641011016206,0.06099914948520856
36,0.15,16,linear,48,0.3500260074222428,0.2860115523440776,0.060999149485208605
37,0.15,16,locf,48,1.0336873138456097,0.8639077649849497,0.17259038268227322
37,0.15,16,nearest,48,0.5818417914371746,0.432716132600578,-0.10242932022448231
37,0.15,16,linear,48,0.4187906632320167,0.34252716459046484,-0.10242932022448233
38,0.15,16,locf,48,0.6902830955501639,0.558127218768422,0.001254702407362765
38,0.15,16,nearest,48,0.6618891187065946,0.5654016396992783,0.24646387739828346
38,0.15,16,linear,48,0.5482254532041467,0.38747411764854284,0.2464638773982835
39,0.15,16,locf,48,1.0494520719727873,0.838554469408929,0.02103786136683976
39,0.15,16,nearest,48,0.645228623821659,0.45296720985588507,-0.2911446812341383
39,0.15,16,linear,48,0.4510799777645384,0.31452981312053524,-0.2911446812341383
40,0.15,16,locf,48,0.7056197136001154,0.5329211022020807,0.23876450180499278
40,0.15,16,nearest,48,0.7252733628234297,0.5651261725730109,-0.2753976773772618
40,0.15,16,linear,48,0.4845073590694971,0.3806259897490376,-0.2753976773772618
41,0.15,16,locf,48,0.8887391536414918,0.658901630269574,0.3687610102138759
41,0.15,16,nearest,48,0.5119820470090262,0.3778191007875775,0.10096791566049183
41,0.15,16,linear,48,0.49127884576957215,0.3748920692892456,0.10096791566049183
42,0.15,16,locf,48,1.1319999624904293,0.9865365219865719,-0.19267377733397176
42,0.15,16,nearest,48,0.5616920745814772,0.3975076423623511,-0.01264925519242332
42,0.15,16,linear,48,0.39898018444961486,0.3128858645234162,-0.012649255192423306
43,0.15,16,locf,48,0.669020670354723,0.5699037524173926,0.297030498751496
43,0.15,16,nearest,48,0.5613972204040123,0.4428173748046709,0.2153992347179278
43,0.15,16,linear,48,0.5048146466208561,0.3562075722812981,0.21539923471792785
44,0.15,16,locf,48,0.8247416698005802,0.720046510670408,-0.6620879096849782
44,0.15,16,nearest,48,0.5285718508200901,0.4184029847195799,-0.16727458566222198
44,0.15,16,linear,48,0.4800691010163782,0.3863324476844286,-0.16727458566222198
45,0.15,16,locf,48,0.86862199492951,0.6586245591536627,-0.3832312217364602
45,0.15,16,nearest,48,0.659950032966548,0.509298419519966,-0.4560622903604525
45,0.15,16,linear,48,0.5962575067281083,0.49883509876733134,-0.4560622903604525
46,0.15,16,locf,48,0.6329860217614756,0.5184032861455296,0.0005921444925102853
46,0.15,16,nearest,48,0.6230847837402095,0.4531581815794407,0.1397184650377543
46,0.15,16,linear,48,0.505858629391348,0.40020874913225124,0.13971846503775434
47,0.15,16,locf,48,0.6111468957718259,0.39786746157252306,-0.16942014593996868
47,0.15,16,nearest,48,0.5284601674459924,0.36763091663671155,-0.21856785203200382
47,0.15,16,linear,48,0.40546890156291343,0.32998909809489146,-0.2185678520320038
48,0.15,16,locf,48,1.1902382550019668,1.0259196102924262,-0.42464869999959837
48,0.15,16,nearest,48,0.7098923899641651,0.5969614724982425,-0.15173843216486968
48,0.15,16,linear,48,0.29060004249591803,0.24089157404412606,-0.15173843216486962
1,0.3,4,locf,12,0.3247792581437518,0.27792842366131126,-0.05673375484116359
1,0.3,4,nearest,12,0.2701673900264406,0.19996473951714497,-0.12085342865760078
1,0.3,4,linear,12,0.15293699132853997,0.12513508634205286,-0.12085342865760078
2,0.3,4,locf,12,0.6530119015803145,0.5924810754356801,0.3916861810311105
2,0.3,4,nearest,12,0.4440887862116566,0.3757509283584366,0.2989080604372509
2,0.3,4,linear,12,0.3365461419265503,0.29890806043725093,0.29890806043725093
3,0.3,4,locf,12,0.43899427558545595,0.43201519299331975,0.17022637592606535
3,0.3,4,nearest,12,0.667626418634989,0.5798227893720682,0.34510598411988186
3,0.3,4,linear,12,0.6365189393745069,0.5798227893720681,0.34510598411988197
4,0.3,4,locf,12,0.2000510208578065,0.13971776264725855,0.026196509687279167
4,0.3,4,nearest,12,0.2314937853268404,0.186752399223813,-0.11661247944543322
4,0.3,4,linear,12,0.17839786095763946,0.14918487244170797,-0.11661247944543322
5,0.3,4,locf,12,0.7772520205368951,0.7094212890085037,0.09568755693242781
5,0.3,4,nearest,12,0.453844213234263,0.4036527435687482,0.03658195708843135
5,0.3,4,linear,12,0.19500917584962865,0.17173043688563108,0.03658195708843134
6,0.3,4,locf,12,0.5039200227418104,0.32196422719837975,-0.2924311402116774
6,0.3,4,nearest,12,0.3614240988060267,0.2532822148519504,-0.1566006234823296
6,0.3,4,linear,12,0.25878007328236463,0.2299859053689972,-0.15660062348232956
7,0.3,4,locf,12,0.2175302742145834,0.17145428817689434,0.12004232686310591
7,0.3,4,nearest,12,0.28993716379704987,0.2168925799883531,-0.11484373309349653
7,0.3,4,linear,12,0.16474432209918638,0.13631791415952385,-0.11484373309349653
8,0.3,4,locf,12,0.1746449334708951,0.13777200716662769,0.004544043629039281
8,0.3,4,nearest,12,0.4224921025976318,0.3640188900000432,-0.08882793727285788
8,0.3,4,linear,12,0.3797904837445569,0.342969965106914,-0.08882793727285786
9,0.3,4,locf,12,0.3344103637379547,0.2871276887421978,-0.27880465967614715
9,0.3,4,nearest,12,0.6592156256995809,0.5248742948291755,-0.5149887619792013
9,0.3,4,linear,12,0.6108145179163664,0.5245617940723908,-0.5149887619792013
10,0.3,4,locf,12,0.4117296959465675,0.3961604854834539,0.19093953454311544
10,0.3,4,nearest,12,0.26847596324844386,0.233488719686166,0.07028262757317935
10,0.3,4,linear,12,0.18694250923575784,0.15790690652230802,0.07028262757317935
11,0.3,4,locf,12,0.3045657103575078,0.24726059012767973,0.12288666718651153
11,0.3,4,nearest,12,0.1891524863038157,0.13934431748594459,0.1141437327713087
11,0.3,4,linear,12,0.17842048920397105,0.1510692629905073,0.1141437327713087
12,0.3,4,locf,12,0.488588462438583,0.44856593073341117,-0.4270998678736861
12,0.3,4,nearest,12,0.3963687561877303,0.3665565837661729,-0.10258182158166111
12,0.3,4,linear,12,0.23802354257135863,0.19816352061302445,-0.10258182158166114
13,0.3,4,locf,12,0.18641730864701928,0.1479291156754878,-0.12030505238711138
13,0.3,4,nearest,12,0.35088590398169134,0.2681507598810056,0.1901505972451475
13,0.3,4,linear,12,0.24867556874432784,0.19327488136331605,0.1901505972451475
14,0.3,4,locf,12,0.2908275627457377,0.2727797676394526,-0.032708916891266336
14,0.3,4,nearest,12,0.3008997030936708,0.25439570804364536,-0.09708784008667459
14,0.3,4,linear,12,0.14778172685599691,0.12149177470670446,-0.0970878400866746
15,0.3,4,locf,12,0.6816456210268564,0.4919252784011856,0.34929767767755543
15,0.3,4,nearest,12,0.4397172288004845,0.3259666052911579,0.3230953672198954
15,0.3,4,linear,12,0.3616616441249893,0.3230953672198954,0.3230953672198954
16,0.3,4,locf,12,0.5442132183060114,0.4525832947278119,-0.3486269621852627
16,0.3,4,nearest,12,0.3570180104951372,0.30356175101749744,-0.00220328662238993
16,0.3,4,linear,12,0.13918188907188073,0.11449580389995935,-0.00220328662238993
17,0.3,4,locf,12,0.4152536086936828,0.33916616911055436,0.07816844194494889
17,0.3,4,nearest,12,0.4039760723202107,0.3235655987418306,0.2081030408528973
17,0.3,4,linear,12,0.28451472330272837,0.20810304085289721,0.20810304085289721
18,0.3,4,locf,12,0.6579583527641004,0.636177733203844,-0.12737172249707004
18,0.3,4,nearest,12,0.41061994660987894,0.34766451186056385,-0.059393977587059034
18,0.3,4,linear,12,0.23693657353471195,0.21021055191224516,-0.059393977587059076
19,0.3,4,locf,12,0.4630007929360963,0.4220648269059197,0.024929002643849063
19,0.3,4,nearest,12,0.3521455408714773,0.315730405586171,-0.12466920481236794
19,0.3,4,linear,12,0.21646335640582753,0.19703838815770433,-0.12466920481236797
20,0.3,4,locf,12,0.2465618066304475,0.19694863104681426,0.08810420189586177
20,0.3,4,nearest,12,0.5775223077201199,0.4775267169082797,-0.0008208129365498603
20,0.3,4,linear,12,0.5178642958303508,0.46781757156426873,-0.0008208129365498418
21,0.3,4,locf,12,0.7032839413281076,0.5437572522879297,-0.18035044755394092
21,0.3,4,nearest,12,0.4849593702402473,0.39132444865146093,-0.06419313156209072
21,0.3,4,linear,12,0.18831379937601006,0.13916396788709898,-0.06419313156209075
22,0.3,4,locf,12,0.34527116223224474,0.26279909814741537,-0.1211904913814481
22,0.3,4,nearest,12,0.45952368208345623,0.39704834085050517,-0.3390633116803638
22,0.3,4,linear,12,0.4127920057192802,0.3390633116803638,-0.3390633116803638
23,0.3,4,locf,12,0.4994667907392679,0.4244694769779152,0.11168539584030558
23,0.3,4,nearest,12,0.3405613012406375,0.29551030225204894,0.01095966181653161
23,0.3,4,linear,12,0.16254604738128323,0.13248428782889776,0.010959661816531602
24,0.3,4,locf,12,0.5436863700898374,0.45574379875737353,-0.02960891900577532
24,0.3,4,nearest,12,0.3380177288697641,0.2856936253909141,0.10560727910583807
24,0.3,4,linear,12,0.1856641483702829,0.17159458994504098,0.10560727910583811
25,0.3,4,locf,12,0.3653711230006663,0.31793532723558915,0.06584598185014538
25,0.3,4,nearest,12,0.3491885836069602,0.3182613436131472,0.015632927281812287
25,0.3,4,linear,12,0.19815740140289742,0.17489806827723886,0.015632927281812287
26,0.3,4,locf,12,0.6061099050838523,0.5519012534485547,0.1685812912958982
26,0.3,4,nearest,12,0.3867372589272661,0.3349888903398042,-0.03029215768936792
26,0.3,4,linear,12,0.17990329898957144,0.16171320026344185,-0.030292157689367938
27,0.3,4,locf,12,0.4390187814236045,0.3208890875696136,-0.29121339282272923
27,0.3,4,nearest,12,0.3479675657448306,0.2908769492059029,0.06839929029083397
27,0.3,4,linear,12,0.15929777801119646,0.11176680740031812,0.06839929029083394
28,0.3,4,locf,12,0.565466902027325,0.3904924007166683,-0.2551704259422791
28,0.3,4,nearest,12,0.3842940750002685,0.2966459210456314,0.011171924956854826
28,0.3,4,linear,12,0.2855541793163363,0.2530665807459059,0.011171924956854831
29,0.3,4,locf,12,0.3153450588595498,0.28388686378661737,0.03103641859934538
29,0.3,4,nearest,12,0.1784189969952906,0.15059930712693523,-0.029038847918702215
29,0.3,4,linear,12,0.11738715776083566,0.10177603643808897,-0.029038847918702204
30,0.3,4,locf,12,0.15513528100959784,0.12387476363076766,0.10720490992583769
30,0.3,4,nearest,12,0.24351805289825054,0.18860748350350942,0.012200122229537327
30,0.3,4,linear,12,0.16291595649356336,0.1312247916488306,0.012200122229537319
31,0.3,4,locf,12,0.4562213469340447,0.40373524361053903,0.39548229738339596
31,0.3,4,nearest,12,0.3573350792316482,0.2935700801608508,0.2853171339337077
31,0.3,4,linear,12,0.34669990613728047,0.3002304813309427,0.2853171339337077
32,0.3,4,locf,12,0.1539867960181912,0.13720982518583463,0.04647949231361496
32,0.3,4,nearest,12,0.1584344188470827,0.1315910297712364,-0.045621238587081135
32,0.3,4,linear,12,0.1110280249338576,0.09839466106287652,-0.045621238587081135
33,0.3,4,locf,12,0.6095814655906971,0.46264064308569264,0.24247611791587106
33,0.3,4,nearest,12,0.34040331731472373,0.2423859659584904,0.08678009598296717
33,0.3,4,linear,12,0.2775199688286832,0.2347961597490551,0.08678009598296717
34,0.3,4,locf,12,0.20314298485513071,0.17591484438543312,0.08398125974874766
34,0.3,4,nearest,12,0.31808878756310066,0.22581691040723414,-0.13467496597499604
34,0.3,4,linear,12,0.27937868842097907,0.18937808783982826,-0.13467496597499606
35,0.3,4,locf,12,0.4879245148942205,0.42647087352591817,0.315076783492338
35,0.3,4,nearest,12,0.29304023078540814,0.2200956178483975,0.11951433118061132
35,0.3,4,linear,12,0.23543751887300052,0.2010882671214482,0.11951433118061132
36,0.3,4,locf,12,0.4652067083196248,0.3423523222462295,-0.30367765477404796
36,0.3,4,nearest,12,0.3545955462290107,0.2992360999114681,-0.025618333245712433
36,0.3,4,linear,12,0.14467812927378285,0.1328870783353292,-0.025618333245712385
37,0.3,4,locf,12,0.5030971598421439,0.3497333777754001,0.25398773808430275
37,0.3,4,nearest,12,0.35920921126685684,0.289703227070891,0.12672819278309014
37,0.3,4,linear,12,0.16095433384388472,0.13744060729997312,0.1267281927830901
38,0.3,4,locf,12,0.4728981650026057,0.332142819274902,0.271803837748916
38,0.3,4,nearest,12,0.35224726485881186,0.30254134815704364,0.08945904722822388
38,0.3,4,linear,12,0.23439673708234401,0.20825169028129176,0.08945904722822394
39,0.3,4,locf,12,0.5487453898979355,0.4337184396273073,-0.05824292040126985
39,0.3,4,nearest,12,0.34985894713657323,0.2984698616208065,0.050093122614695236
39,0.3,4,linear,12,0.28803891750076793,0.24782781501100493,0.05009312261469528
40,0.3,4,locf,12,0.3537212099323142,0.3390261175175358,0.0735039583880157
40,0.3,4,nearest,12,0.39230168496583684,0.34721187550988414,0.22573604024295535
40,0.3,4,linear,12,0.3732187302100911,0.34092708253899856,0.22573604024295538
41,0.3,4,locf,12,0.2405974609011845,0.18342186380493683,0.017766551302658435
41,0.3,4,nearest,12,0.30381309098639286,0.2282115850953644,-0.18789890849262383
41,0.3,4,linear,12,0.26028690313050107,0.20164583793821822,-0.1878989084926238
42,0.3,4,locf,12,0.610266263011521,0.41127625381696276,0.27124365815372425
42,0.3,4,nearest,12,0.44870579690560225,0.329283036508139,0.15601570004696305
42,0.3,4,linear,12,0.2440291387311337,0.19517337976800644,0.15601570004696297
43,0.3,4,locf,12,0.5186625205764904,0.48413061322381634,-0.09256128286488091
43,0.3,4,nearest,12,0.46605720934334394,0.4095747597884804,-0.1713388392010273
43,0.3,4,linear,12,0.2439154586771636,0.20770284321982538,-0.17133883920102733
44,0.3,4,locf,12,0.4741826206490338,0.35929492978191074,-0.16527590927941893
44,0.3,4,nearest,12,0.3850969404148193,0.3194170004263421,-0.024226451710484615
44,0.3,4,linear,12,0.3246599373947205,0.2989351752935736,-0.024226451710484608
45,0.3,4,locf,12,0.2541728965983255,0.2182702729862445,-0.04748111501328809
45,0.3,4,nearest,12,0.3002339106158797,0.26922921812381634,-0.02384558486135452
45,0.3,4,linear,12,0.3047556098464387,0.27102203702857547,-0.02384558486135452
46,0.3,4,locf,12,0.20633295242273317,0.17611238404882745,-0.11465464736247272
46,0.3,4,nearest,12,0.24517233012927647,0.19996087259407766,-0.013717327442798318
46,0.3,4,linear,12,0.239924704980476,0.19610627943377815,-0.013717327442798308
47,0.3,4,locf,12,0.27278672243135005,0.2382905236684231,-0.11478602412282433
47,0.3,4,nearest,12,0.34255681150577516,0.309563990843709,-0.061797860651831425
47,0.3,4,linear,12,0.27252993830920436,0.24725772783750524,-0.06179786065183144
48,0.3,4,locf,12,0.6107315660884051,0.5896408165585701,-0.0944592356483897
48,0.3,4,nearest,12,0.39455472789378304,0.3331976926354455,-0.008235626806218121
48,0.3,4,linear,12,0.220278960784003,0.1739633331978808,-0.008235626806218142
1,0.3,8,locf,24,0.3750458632189024,0.3170748338610975,0.005178464657122188
1,0.3,8,nearest,24,0.26272521362883333,0.22400853879938673,-0.048610778610301254
1,0.3,8,linear,24,0.25109854210500565,0.22257952495433242,-0.048610778610301254
2,0.3,8,locf,24,0.849366331278959,0.7523913083425349,0.2855118227476949
2,0.3,8,nearest,24,0.47784187128683847,0.366936898297884,0.1989601799976479
2,0.3,8,linear,24,0.35103134230808686,0.29402584974316676,0.19896017999764792
3,0.3,8,locf,24,0.34714599368640486,0.3085316306204054,0.1331551166200313
3,0.3,8,nearest,24,0.5935878122654454,0.5225127033397586,0.263839535131709
3,0.3,8,linear,24,0.5687119585452519,0.5225127033397586,0.26383953513170894
4,0.3,8,locf,24,0.5040190640490038,0.32335876240179634,0.1278095685879531
4,0.3,8,nearest,24,0.3223078466609225,0.2236907217411843,0.08799872465760404
4,0.3,8,linear,24,0.19882374534580236,0.15101409266916235,0.08799872465760404
5,0.3,8,locf,24,1.1861258283519023,1.0378553101895807,0.09552700772669405
5,0.3,8,nearest,24,0.6929863453029617,0.6319669171639579,0.007507922718191336
5,0.3,8,linear,24,0.20140956312286337,0.16549059271732847,0.0075079227181913235
6,0.3,8,locf,24,0.631868313095451,0.4789958112525707,-0.46422926775921947
6,0.3,8,nearest,24,0.46900847418400415,0.35121711140809,-0.08625443011994006
6,0.3,8,linear,24,0.40772299197112544,0.3317501451758856,-0.08625443011994005
7,0.3,8,locf,24,0.48531395295958807,0.35741484608853646,0.25672615323510994
7,0.3,8,nearest,24,0.3103624915799489,0.24871980134354743,0.12864754098374684
7,0.3,8,linear,24,0.24963289787031873,0.18397111438868566,0.12864754098374684
8,0.3,8,locf,24,0.4713803030058681,0.35508052665909756,-0.10579448090866055
8,0.3,8,nearest,24,0.5574936623276593,0.38281670705605103,-0.08215496361013176
8,0.3,8,linear,24,0.4418544708354855,0.3776480462372113,-0.08215496361013179
9,0.3,8,locf,24,0.312250620789003,0.2580835734208313,-0.08827371591213491
9,0.3,8,nearest,24,0.428251592137726,0.3164327237388507,-0.28919945958567345
9,0.3,8,linear,24,0.4189172522010084,0.3298941429416528,-0.28919945958567345
10,0.3,8,locf,24,0.6432769397509065,0.5773952595363538,0.14127074937105663
10,0.3,8,nearest,24,0.34544717403306535,0.30041203611666073,0.09627760209861468
10,0.3,8,linear,24,0.1734011150914212,0.14114580230996798,0.09627760209861469
11,0.3,8,locf,24,0.5062424177414462,0.40905279355966245,0.05607048412238786
11,0.3,8,nearest,24,0.37361014470139414,0.2864984337114979,-0.0404290275728987
11,0.3,8,linear,24,0.163432192169931,0.1405909463570759,-0.0404290275728987
12,0.3,8,locf,24,0.5437434845490565,0.5051432913334786,-0.30240764224206096
12,0.3,8,nearest,24,0.3645785437761431,0.29037872144849963,-0.17294423745312912
12,0.3,8,linear,24,0.3137050328739585,0.28024624812124194,-0.17294423745312912
13,0.3,8,locf,24,0.2865034248548325,0.22149445126890507,-0.1462364869929888
13,0.3,8,nearest,24,0.2828622545924305,0.2197031357915096,-0.18310141553949433
13,0.3,8,linear,24,0.24772714175738808,0.22501027057410508,-0.18310141553949436
14,0.3,8,locf,24,0.4298088141240401,0.328234615851944,0.14046518647519823
14,0.3,8,nearest,24,0.4434159781429667,0.38876728908080976,-0.039719909285968656
14,0.3,8,linear,24,0.26634139042557764,0.21839182791736123,-0.03971990928596864
15,0.3,8,locf,24,0.9290985213132099,0.7466234281256773,0.19664886367251191
15,0.3,8,nearest,24,0.5736517333391655,0.4250905291393396,0.24157807831528463
15,0.3,8,linear,24,0.4806086554822035,0.4337513787946718,0.24157807831528463
16,0.3,8,locf,24,1.011748081696995,0.8551241836511551,-0.48159674014642234
16,0.3,8,nearest,24,0.5428200271014194,0.45138493298319954,-0.17770106708749064
16,0.3,8,linear,24,0.2334442551009102,0.18301583894987603,-0.17770106708749056
17,0.3,8,locf,24,0.6291235495815575,0.554960078721113,-0.08612512730369681
17,0.3,8,nearest,24,0.5519885111089143,0.4325661406160122,0.16629831330617592
17,0.3,8,linear,24,0.44528689155159007,0.41807455178339453,0.1662983133061759
18,0.3,8,locf,24,0.8555426940026982,0.8046639464409048,-0.1096222440152667
18,0.3,8,nearest,24,0.5407652122308403,0.4929472537664727,-0.07356393306965057
18,0.3,8,linear,24,0.37501735337751096,0.340357156627835,-0.07356393306965055
19,0.3,8,locf,24,0.6198599384421174,0.5449070966489152,0.049737241963463776
19,0.3,8,nearest,24,0.40795961393823194,0.361511802037459,-0.009292767431966957
19,0.3,8,linear,24,0.3805557355527467,0.34222761276473396,-0.009292767431966968
20,0.3,8,locf,24,0.3896697968111391,0.3139938695646532,0.16656356088656812
20,0.3,8,nearest,24,0.29678138202042437,0.2352428691401791,0.034624725992548074
20,0.3,8,linear,24,0.2652099313288983,0.2291155151763461,0.034624725992548074
21,0.3,8,locf,24,0.8270323225458655,0.6836024820355258,-0.2376348087117727
21,0.3,8,nearest,24,0.6001430551222928,0.46774766719961747,-0.13572662050852868
21,0.3,8,linear,24,0.5471407147520349,0.44598256611939674,-0.13572662050852868
22,0.3,8,locf,24,0.3014269657074342,0.23280734695441807,-0.004868792032120335
22,0.3,8,nearest,24,0.4121526692232374,0.3330975494107536,-0.21407332350796263
22,0.3,8,linear,24,0.3936906787028306,0.3334627827643069,-0.21407332350796268
23,0.3,8,locf,24,0.7888459042661256,0.6154097488938908,0.16505371936373522
23,0.3,8,nearest,24,0.37658815399908047,0.29166315719592334,0.10193361003766126
23,0.3,8,linear,24,0.2969757648311042,0.27372370613323693,0.10193361003766126
24,0.3,8,locf,24,0.639583516580228,0.5373772670096443,-0.130432736868167
24,0.3,8,nearest,24,0.4379957487799453,0.35703717134988766,0.05930364690689118
24,0.3,8,linear,24,0.38017875028624804,0.35703717134988766,0.059303646906891196
25,0.3,8,locf,24,0.6452206201724655,0.511600713568733,0.10669549438687614
25,0.3,8,nearest,24,0.43636538009781384,0.36769025500453384,-0.09907930688385323
25,0.3,8,linear,24,0.35130974620467065,0.2808690984485358,-0.0990793068838532
26,0.3,8,locf,24,0.7862878780748183,0.7267776959500704,0.27316431475663067
26,0.3,8,nearest,24,0.48622196098971715,0.39931218887246583,0.15552999495251899
26,0.3,8,linear,24,0.4412799405781546,0.38635064089667953,0.155529994952519
27,0.3,8,locf,24,0.7307821945914132,0.4790889701596988,-0.4474548078777631
27,0.3,8,nearest,24,0.48582216388358385,0.38590956740429044,-0.11075435661872372
27,0.3,8,linear,24,0.24931510076964872,0.18586481822697745,-0.11075435661872372
28,0.3,8,locf,24,0.750745841705987,0.5153931026999041,-0.42942790720718943
28,0.3,8,nearest,24,0.5183341249390017,0.41000764044153337,-0.1482868895990549
28,0.3,8,linear,24,0.4658402489216417,0.41000764044153337,-0.14828688959905492
29,0.3,8,locf,24,0.5123968198442904,0.42105037102490667,0.12067629903494963
29,0.3,8,nearest,24,0.26218736139863463,0.22141179755873078,0.03490639035509116
29,0.3,8,linear,24,0.20022424949662176,0.17500379592065465,0.034906390355091195
30,0.3,8,locf,24,0.3121109746684697,0.25222098059899034,0.08988750637497457
30,0.3,8,nearest,24,0.5780361632060443,0.4097635416062145,0.13367819219225388
30,0.3,8,linear,24,0.41238322878199446,0.36158916712927996,0.13367819219225388
31,0.3,8,locf,24,0.655700438278084,0.58879239936141,0.5846659262478385
31,0.3,8,nearest,24,0.39366534535274716,0.34017374855437693,0.062103608965395594
31,0.3,8,linear,24,0.20583225164408597,0.16557489619109175,0.06210360896539563
32,0.3,8,locf,24,0.34370645717306586,0.2663150449241873,0.16808715560532592
32,0.3,8,nearest,24,0.5387794614898468,0.3544652393002894,-0.2408051420181181
32,0.3,8,linear,24,0.34739147418513866,0.25127137262643245,-0.24080514201811812
33,0.3,8,locf,24,0.7950489171752789,0.6180814889208994,0.23602906237520496
33,0.3,8,nearest,24,0.6006286774381918,0.4816412706331707,0.12189288354527722
33,0.3,8,linear,24,0.5131238620799898,0.4816412706331707,0.1218928835452772
34,0.3,8,locf,24,0.4232827308854358,0.33881319058454507,0.2928463982662024
34,0.3,8,nearest,24,0.2901966555613422,0.2367573249948386,0.01646363498191768
34,0.3,8,linear,24,0.1880757404518532,0.14836810206070847,0.016463634981917677
35,0.3,8,locf,24,0.6345565456570595,0.4609834829358464,0.3910347580602911
35,0.3,8,nearest,24,0.5343990038510433,0.46412961594939234,0.22279242810694547
35,0.3,8,linear,24,0.49180213218082547,0.46040846126960466,0.22279242810694547
36,0.3,8,locf,24,0.7692600426755785,0.5793453003651365,-0.3151403365411985
36,0.3,8,nearest,24,0.4507994465862354,0.34475732677300225,-0.14146446445235386
36,0.3,8,linear,24,0.18967412101328096,0.16247300725396638,-0.14146446445235383
37,0.3,8,locf,24,0.717731134029985,0.5339444404995164,0.22818553335308797
37,0.3,8,nearest,24,0.5217138463183183,0.41677264099135897,0.11878732778145122
37,0.3,8,linear,24,0.4682162111595041,0.4197723482528364,0.11878732778145124
38,0.3,8,locf,24,0.6434128861782031,0.5045988661336865,0.28471498063408346
38,0.3,8,nearest,24,0.3750060451362173,0.2617796429405533,0.04061651883233541
38,0.3,8,linear,24,0.28725174933325104,0.226976072125734,0.040616518832335385
39,0.3,8,locf,24,0.7922339960152174,0.5981621247208692,-0.15578750366788752
39,0.3,8,nearest,24,0.44132145741395085,0.35380853691012915,0.0033562655285508483
39,0.3,8,linear,24,0.22055133941789662,0.18286877471037363,0.00335626552855089
40,0.3,8,locf,24,0.3960232835871727,0.35136368478006313,0.011594572875665227
40,0.3,8,nearest,24,0.3050603027572162,0.26408580648204333,-0.01866865376716841
40,0.3,8,linear,24,0.18184689719257366,0.14613743341441357,-0.018668653767168444
41,0.3,8,locf,24,0.4353950606459436,0.3070152470041223,0.19621174144414763
41,0.3,8,nearest,24,0.2699413869020639,0.20035278442962925,-0.010771109956410797
41,0.3,8,linear,24,0.267119156535662,0.2155810913259033,-0.010771109956410776
42,0.3,8,locf,24,0.8779738924069963,0.6971436922135469,0.1511725478355504
42,0.3,8,nearest,24,0.6469889049910245,0.521035336966607,0.32102302074897604
42,0.3,8,linear,24,0.35066994987245204,0.33235094860125325,0.3210230207489761
43,0.3,8,locf,24,0.6343457246701956,0.571922740127953,0.11089175637973374
43,0.3,8,nearest,24,0.4594499593572803,0.4095185122413199,-0.2130996204437433
43,0.3,8,linear,24,0.4025321620778996,0.368464559293843,-0.21309962044374334
44,0.3,8,locf,24,0.5955245257310686,0.4745427811410119,-0.3549813374985398
44,0.3,8,nearest,24,0.4045324059042104,0.29693766943705885,0.026026841844369635
44,0.3,8,linear,24,0.3353294568354871,0.29544978082725837,0.02602684184436965
45,0.3,8,locf,24,0.4228957867685872,0.3323869485695961,-0.2469923695831179
45,0.3,8,nearest,24,0.32032949211428713,0.2542353273568083,0.0879739944107597
45,0.3,8,linear,24,0.27579235546586744,0.215664373950154,0.08797399441075975
46,0.3,8,locf,24,0.3266994851994628,0.2593114266058964,-0.09401292116757488
46,0.3,8,nearest,24,0.30183299414554793,0.25034495062703416,-0.08855221566705583
46,0.3,8,linear,24,0.24442655041412453,0.20680101796899755,-0.08855221566705584
47,0.3,8,locf,24,0.3057548594877028,0.26168192837207666,-0.18877997349520417
47,0.3,8,nearest,24,0.24799380350164515,0.21478017457508766,0.03178731558878856
47,0.3,8,linear,24,0.1917686306136326,0.16046173488265109,0.031787315588788584
48,0.3,8,locf,24,0.7772787612437125,0.7455371534392506,-0.21738730860786748
48,0.3,8,nearest,24,0.594858025965368,0.5332692914024625,0.16967795970635088
48,0.3,8,linear,24,0.28161420831062417,0.23774739337695663,0.16967795970635083
1,0.3,16,locf,48,0.5291765647047457,0.43586235792011196,-0.07135216836542581
1,0.3,16,nearest,48,0.6190873435401179,0.4749902403012882,0.30755019752553153
1,0.3,16,linear,48,0.5379264169299932,0.4499618100625649,0.3075501975255316
2,0.3,16,locf,48,1.137891901024882,0.9613661549571679,0.13593962076670021
2,0.3,16,nearest,48,0.728793169995248,0.6296442807954108,-0.11069271525029578
2,0.3,16,linear,48,0.4700468096678085,0.38544953589954867,-0.11069271525029578
3,0.3,16,locf,48,0.6343496912928394,0.5279883962422011,-0.009505578177499118
3,0.3,16,nearest,48,0.44344019244548943,0.3637575284395426,0.04991279130178356
3,0.3,16,linear,48,0.4233874220747652,0.33873146877485527,0.049912791301783575
4,0.3,16,locf,48,0.9875235462805401,0.7766262403868951,-0.048316634923580716
4,0.3,16,nearest,48,0.4251478986030287,0.2907096440160168,0.08151671858075575
4,0.3,16,linear,48,0.3159017007951717,0.2531578691021603,0.08151671858075575
5,0.3,16,locf,48,1.5382978967022989,1.3596716843728949,0.017823944707215666
5,0.3,16,nearest,48,0.9091968476445588,0.7355319466481918,-0.05692531178745001
5,0.3,16,linear,48,0.7935815014864098,0.6367743334437262,-0.05692531178744999
6,0.3,16,locf,48,0.9555570136294731,0.759454947424968,-0.6948622828167538
6,0.3,16,nearest,48,0.5277918393209973,0.3986044074446718,-0.2956927102373256
6,0.3,16,linear,48,0.5540700791153177,0.42531197100380086,-0.2956927102373256
7,0.3,16,locf,48,0.9559500382212089,0.7517045071818869,0.25254405505799665
7,0.3,16,nearest,48,0.4984072169794716,0.41291979130686274,0.06969996571485298
7,0.3,16,linear,48,0.4270599562830841,0.3407213243394354,0.06969996571485297
8,0.3,16,locf,48,0.8678071869124255,0.7096120485167519,-0.21181057569159037
8,0.3,16,nearest,48,0.6096482522725295,0.4861442641234243,-0.2720644491794068
8,0.3,16,linear,48,0.6145859081585727,0.5174428394165342,-0.2720644491794067
9,0.3,16,locf,48,0.4106401211506362,0.35623317500940904,0.05560588417520696
9,0.3,16,nearest,48,0.4489813552319645,0.3437630107670652,-0.008309135017510976
9,0.3,16,linear,48,0.4441920452315264,0.35762575803270485,-0.008309135017510972
10,0.3,16,locf,48,0.9060565410060055,0.773258747252394,0.042635976697658624
10,0.3,16,nearest,48,0.6484508707024943,0.575831932925797,0.09204816941824362
10,0.3,16,linear,48,0.6186088027833733,0.5167079743394035,0.0920481694182436
11,0.3,16,locf,48,0.7088430948728672,0.5084447965832831,0.21362298353605344
11,0.3,16,nearest,48,0.5054210517468692,0.4152432747250594,-0.12702797768224816
11,0.3,16,linear,48,0.4767856463368402,0.4071925038957252,-0.1270279776822481
12,0.3,16,locf,48,0.7261207869198597,0.5673901703747374,-0.32090268870380767
12,0.3,16,nearest,48,0.4733703446199964,0.4115130786038122,-0.002009702699340555
12,0.3,16,linear,48,0.37751474410308894,0.32382088268583276,-0.0020097026993405646
13,0.3,16,locf,48,0.388251723941188,0.3068726463042747,-0.041023256777922575
13,0.3,16,nearest,48,0.5946841051898899,0.3994088284958324,-0.1431211628435933
13,0.3,16,linear,48,0.5326855686059205,0.4098651334095071,-0.14312116284359325
14,0.3,16,locf,48,0.5521479310040329,0.4550617769256136,0.24597595617160697
14,0.3,16,nearest,48,0.45491092130141747,0.35000355820609413,0.10694833869848397
14,0.3,16,linear,48,0.44518799546824017,0.32223405074505074,0.10694833869848401
15,0.3,16,locf,48,1.0776487069701797,0.9393667083043157,-0.04824736807003968
15,0.3,16,nearest,48,0.7335794692524474,0.5487391703557389,0.1839988766485046
15,0.3,16,linear,48,0.5592170198275108,0.46330310111563405,0.18399887664850464
16,0.3,16,locf,48,1.3823189554363442,1.2050136337939594,-0.7071223030210029
16,0.3,16,nearest,48,0.804784803170458,0.6632848304715727,-0.18430512187261713
16,0.3,16,linear,48,0.6823537465988955,0.5428255360761584,-0.18430512187261713
17,0.3,16,locf,48,0.7595277243887365,0.6050929261932182,-0.2798307609317196
17,0.3,16,nearest,48,0.6581748950490797,0.5737435942352364,-0.2466200805538772
17,0.3,16,linear,48,0.6790354186753187,0.5827199166675695,-0.2466200805538772
18,0.3,16,locf,48,1.0194863383671582,0.8903674896849303,-0.24492709963168777
18,0.3,16,nearest,48,0.7428871682827386,0.646690654112412,0.03785702682670368
18,0.3,16,linear,48,0.6666218476155734,0.5374381041925275,0.03785702682670369
19,0.3,16,locf,48,0.8540323105375432,0.7203370274098869,-0.0014659862200013286
19,0.3,16,nearest,48,0.7646979545883268,0.6466174127023581,0.10050732425981147
19,0.3,16,linear,48,0.6920635516400673,0.5523524712437332,0.10050732425981146
20,0.3,16,locf,48,0.7120394911006993,0.6013505818364479,0.2945632955757203
20,0.3,16,nearest,48,0.34779476793258235,0.2801172863100107,-0.02772820620555076
20,0.3,16,linear,48,0.238441512588655,0.20696625223569995,-0.027728206205550745
21,0.3,16,locf,48,1.039007104694115,0.9389059260382129,-0.3565394832402687
21,0.3,16,nearest,48,0.710985047952528,0.598414824568378,-0.19785615546290614
21,0.3,16,linear,48,0.4229229829265257,0.3461617419980307,-0.19785615546290614
22,0.3,16,locf,48,0.7135793596753136,0.5682208266175707,0.21947081179236863
22,0.3,16,nearest,48,0.2948022617930431,0.24648444672674974,-0.054329220550085565
22,0.3,16,linear,48,0.35008166834272963,0.29025327862729916,-0.05432922055008558
23,0.3,16,locf,48,0.9467650823273416,0.7616713580660845,0.14330973578069278
23,0.3,16,nearest,48,0.6964376220821089,0.5728068698981853,0.3472259319054119
23,0.3,16,linear,48,0.5574772213067675,0.4182493028072025,0.34722593190541184
24,0.3,16,locf,48,0.5607885407117766,0.48308428949395843,-0.15812242645956556
24,0.3,16,nearest,48,0.5524651978609146,0.46224507317186275,-0.2508578619482549
24,0.3,16,linear,48,0.4682300905140818,0.3793856583211439,-0.2508578619482549
25,0.3,16,locf,48,1.007674735465262,0.7837878455572248,0.2384562235253828
25,0.3,16,nearest,48,0.47331491557199284,0.3252293654664694,0.0813200866854092
25,0.3,16,linear,48,0.36826507156912786,0.3111148109918278,0.08132008668540924
26,0.3,16,locf,48,0.7782788058794177,0.6641171419197307,0.26433594731286064
26,0.3,16,nearest,48,0.6724832210905728,0.5714226570109456,0.1765067889191977
26,0.3,16,linear,48,0.640202902606189,0.5555510865892002,0.17650678891919766
27,0.3,16,locf,48,1.0732829562517756,0.8379262496944097,-0.6530458458938756
27,0.3,16,nearest,48,0.7195504051614365,0.5687770560727579,-0.05669996429364856
27,0.3,16,linear,48,0.6138072758933087,0.5237611566589623,-0.056699964293648486
28,0.3,16,locf,48,0.9123552253050372,0.7545833649203328,-0.5144844051000312
28,0.3,16,nearest,48,0.5555487274045293,0.3590234422691103,-0.1739949842619645
28,0.3,16,linear,48,0.44628445338635814,0.35664808752894434,-0.1739949842619645
29,0.3,16,locf,48,0.8040051922435292,0.5969382612226094,0.3853309074900895
29,0.3,16,nearest,48,0.6212798261155819,0.542842323766945,-0.1398932742076848
29,0.3,16,linear,48,0.285644849627236,0.23561203299421454,-0.1398932742076848
30,0.3,16,locf,48,0.9230573840942325,0.7129517995473712,0.19375837152350261
30,0.3,16,nearest,48,0.4231386901120845,0.3250075974899846,-0.11422546773272137
30,0.3,16,linear,48,0.3234336349913653,0.24322225315029514,-0.1142254677327213
31,0.3,16,locf,48,0.9659376407029943,0.8320637788864739,0.8274098323726825
31,0.3,16,nearest,48,0.7463107761285788,0.6765032013747662,0.25100924145904785
31,0.3,16,linear,48,0.5086163084970684,0.4134669234948249,0.25100924145904785
32,0.3,16,locf,48,0.9650546511326388,0.7453557345148946,0.465837878232999
32,0.3,16,nearest,48,0.33962799793036624,0.2813923694171393,0.023719082829575685
32,0.3,16,linear,48,0.268064545845738,0.21133925642849713,0.023719082829575674
33,0.3,16,locf,48,0.9022715089205485,0.7485792304023144,0.13069106912803033
33,0.3,16,nearest,48,0.6307144670046485,0.458672989545659,0.07383953427555452
33,0.3,16,linear,48,0.5601969029218058,0.45864802323602305,0.07383953427555451
34,0.3,16,locf,48,0.632708743236867,0.4753082747473807,0.3362895728957991
34,0.3,16,nearest,48,0.5974523334477962,0.4321179878508796,0.28167403616258263
34,0.3,16,linear,48,0.44652042134248415,0.32268230682790106,0.28167403616258263
35,0.3,16,locf,48,0.7813197047384333,0.5585268970236612,0.37693517388039677
35,0.3,16,nearest,48,0.5215673575164226,0.3911452724253685,0.03486384807270026
35,0.3,16,linear,48,0.3604449830273788,0.3079959482847639,0.03486384807270027
36,0.3,16,locf,48,1.1497751280129638,0.8820238706600793,-0.2244772327384572
36,0.3,16,nearest,48,0.6860160504406265,0.5546916226791218,0.10476822840827286
36,0.3,16,linear,48,0.3734005367988067,0.3218113826935524,0.10476822840827289
37,0.3,16,locf,48,1.0935052023288099,0.913731003137123,0.27194303081474624
37,0.3,16,nearest,48,0.60940978750231,0.43397558726203284,0.006990130122528758
37,0.3,16,linear,48,0.43208254546043684,0.3673816545366931,0.006990130122528746
38,0.3,16,locf,48,0.6389979923593214,0.5353102015942227,0.14749581581418847
38,0.3,16,nearest,48,0.8165099981875094,0.7008650985105588,0.35258330459167614
38,0.3,16,linear,48,0.7151372786971536,0.5377086007539795,0.35258330459167614
39,0.3,16,locf,48,1.138744119423449,0.9052992433091772,0.06753833934023556
39,0.3,16,nearest,48,0.7390668072188668,0.5494226634587362,-0.3282353529322455
39,0.3,16,linear,48,0.4741244372558365,0.35779989092857756,-0.32823535293224554
40,0.3,16,locf,48,0.8323547703819416,0.6681421877559957,0.3061743048902649
40,0.3,16,nearest,48,0.871666896044951,0.7086028938210301,-0.26244270651883067
40,0.3,16,linear,48,0.5132387218102861,0.43009578158953593,-0.2624427065188306
41,0.3,16,locf,48,0.8220373514036289,0.6033399493766969,0.31397337026628963
41,0.3,16,nearest,48,0.4790909256631491,0.3760752682183017,-0.020821581231271907
41,0.3,16,linear,48,0.44539033390808497,0.3556880096045734,-0.020821581231271955
42,0.3,16,locf,48,1.2252374819172445,1.0731098063918758,-0.12967322549244445
42,0.3,16,nearest,48,0.6381266348628215,0.4352168533755858,0.01242041513721793
42,0.3,16,linear,48,0.47231663634139454,0.3721688326444246,0.012420415137217887
43,0.3,16,locf,48,0.7021048298515665,0.6371557881822786,0.23584695317978074
43,0.3,16,nearest,48,0.5990062101359614,0.4992092781490542,0.15984539636484713
43,0.3,16,linear,48,0.5517339001794609,0.39608341312440415,0.15984539636484713
44,0.3,16,locf,48,0.8297595743854693,0.7242643150840643,-0.6644835932628284
44,0.3,16,nearest,48,0.5372217756068765,0.41204107762766257,-0.1613245761601709
44,0.3,16,linear,48,0.47503519608708966,0.4007667944653665,-0.16132457616017093
45,0.3,16,locf,48,0.7552632585875357,0.5728622242133418,-0.39641483106994563
45,0.3,16,nearest,48,0.66772287052122,0.5270574106584899,-0.4843601211652507
45,0.3,16,linear,48,0.6451488604332859,0.5608048019800075,-0.4843601211652508
46,0.3,16,locf,48,0.5711016518649329,0.4392563654553889,0.07259863761277656
46,0.3,16,nearest,48,0.711212536390974,0.5144591321148723,0.27699022763526643
46,0.3,16,linear,48,0.5490756681925989,0.4201140754390291,0.2769902276352663
47,0.3,16,locf,48,0.6496714569507381,0.45870187213254815,-0.27577677996215827
47,0.3,16,nearest,48,0.6015716272664029,0.4735198245321744,-0.24776925878106537
47,0.3,16,linear,48,0.45998294712738313,0.3761353455045704,-0.24776925878106534
48,0.3,16,locf,48,1.3577350601715077,1.2058224120424972,-0.4348041983353233
48,0.3,16,nearest,48,0.8264431657146698,0.7105643685385307,-0.20260106844319173
48,0.3,16,linear,48,0.3266217423080751,0.2689359476708402,-0.2026010684431917
